station_id,hour,lag_1h,lag_24h
1,5,15.10344827586207,19.482758620689655
1,7,14.172413793103448,22.586206896551722
1,8,18.137931034482758,22.344827586206897
1,10,19.20689655172414,25.96551724137931
1,11,22.482758620689655,25.655172413793103
1,13,21.5,24.642857142857142
1,14,24.714285714285715,23.142857142857142
1,16,23.714285714285715,21.392857142857142
1,17,23.06896551724138,20.06896551724138
1,19,22.103448275862068,17.517241379310345
1,20,20.3,15.966666666666667
1,22,18.9,14.933333333333334
1,23,16.2,18.366666666666667
2,5,4.275862068965517,1.793103448275862
2,7,4.827586206896552,1.6896551724137931
2,8,2.793103448275862,2.0
2,10,1.6551724137931034,2.689655172413793
2,11,1.3793103448275863,2.5172413793103448
2,13,1.8571428571428572,2.142857142857143
2,14,3.25,2.0
2,16,3.0,2.8214285714285716
2,17,2.3448275862068964,3.0
2,19,2.0344827586206895,3.793103448275862
2,20,2.9,4.066666666666666
2,22,3.3333333333333335,4.666666666666667
2,23,4.1,2.7
3,5,9.620689655172415,6.379310344827586
3,7,9.03448275862069,7.172413793103448
3,8,6.724137931034483,6.172413793103448
3,10,5.793103448275862,5.689655172413793
3,11,6.517241379310345,6.344827586206897
3,13,5.785714285714286,6.357142857142857
3,14,5.857142857142857,6.785714285714286
3,16,6.464285714285714,7.607142857142857
3,17,6.413793103448276,8.137931034482758
3,19,6.620689655172414,8.758620689655173
3,20,7.666666666666667,9.4
3,22,8.166666666666666,8.933333333333334
3,23,9.0,6.966666666666667
4,5,8.206896551724139,12.0
4,7,8.379310344827585,13.10344827586207
4,8,10.655172413793103,13.206896551724139
4,10,12.344827586206897,12.10344827586207
4,11,13.724137931034482,11.310344827586206
4,13,13.178571428571429,10.392857142857142
4,14,12.142857142857142,8.607142857142858
4,16,11.392857142857142,7.75
4,17,10.482758620689655,7.758620689655173
4,19,8.89655172413793,7.931034482758621
4,20,7.933333333333334,8.266666666666667
4,22,8.133333333333333,8.433333333333334
4,23,8.3,10.466666666666667
5,5,22.655172413793103,11.620689655172415
5,7,22.82758620689655,11.0
5,8,19.96551724137931,11.758620689655173
5,10,11.89655172413793,11.586206896551724
5,11,11.724137931034482,13.241379310344827
5,13,12.428571428571429,13.428571428571429
5,14,13.607142857142858,18.25
5,16,13.928571428571429,21.535714285714285
5,17,13.586206896551724,22.0
5,19,17.93103448275862,22.75862068965517
5,20,21.533333333333335,22.1
5,22,22.466666666666665,22.233333333333334
5,23,22.633333333333333,19.9
6,5,8.827586206896552,6.206896551724138
6,7,7.413793103448276,5.413793103448276
6,8,6.482758620689655,5.827586206896552
6,10,5.758620689655173,6.9655172413793105
6,11,5.172413793103448,7.413793103448276
6,13,5.642857142857143,8.0
6,14,6.821428571428571,8.214285714285714
6,16,7.321428571428571,9.5
6,17,8.241379310344827,10.517241379310345
6,19,8.689655172413794,9.724137931034482
6,20,10.033333333333333,9.1
6,22,10.533333333333333,7.766666666666667
6,23,9.366666666666667,6.666666666666667
7,5,7.103448275862069,7.275862068965517
7,7,6.655172413793103,6.0
7,8,6.758620689655173,5.551724137931035
7,10,7.379310344827586,6.724137931034483
7,11,6.379310344827586,6.551724137931035
7,13,6.107142857142857,6.321428571428571
7,14,7.321428571428571,7.5
7,16,7.068965517241379,6.827586206896552
7,17,6.689655172413793,6.758620689655173
7,19,7.344827586206897,6.931034482758621
7,20,6.566666666666666,6.966666666666667
7,22,6.933333333333334,6.7
7,23,7.166666666666667,6.866666666666666
8,5,16.448275862068964,14.827586206896552
8,7,16.551724137931036,11.96551724137931
8,8,17.75862068965517,11.758620689655173
8,10,15.620689655172415,13.03448275862069
8,11,11.931034482758621,13.793103448275861
8,13,11.678571428571429,14.5
8,14,13.0,17.5
8,16,14.03448275862069,16.06896551724138
8,17,14.379310344827585,15.379310344827585
8,19,16.82758620689655,15.689655172413794
8,20,16.133333333333333,16.166666666666668
8,22,15.2,16.3
8,23,15.633333333333333,16.766666666666666
9,5,9.931034482758621,10.137931034482758
9,7,6.758620689655173,14.551724137931034
9,8,9.793103448275861,18.448275862068964
9,10,10.413793103448276,18.20689655172414
9,11,13.310344827586206,16.620689655172413
9,13,17.607142857142858,17.392857142857142
9,14,17.5,18.0
9,16,16.607142857142858,17.357142857142858
9,17,17.20689655172414,17.137931034482758
9,19,18.0,13.137931034482758
9,20,17.666666666666668,10.5
9,22,16.966666666666665,7.333333333333333
9,23,12.533333333333333,9.4
10,5,13.448275862068966,11.379310344827585
10,7,12.172413793103448,12.96551724137931
10,8,11.413793103448276,13.620689655172415
10,10,11.344827586206897,13.827586206896552
10,11,12.655172413793103,13.862068965517242
10,13,13.607142857142858,13.071428571428571
10,14,13.428571428571429,14.25
10,16,13.571428571428571,14.857142857142858
10,17,12.793103448275861,14.655172413793103
10,19,13.96551724137931,13.931034482758621
10,20,14.633333333333333,13.5
10,22,14.633333333333333,12.4
10,23,13.8,11.6
11,5,10.310344827586206,11.482758620689655
11,7,10.206896551724139,18.06896551724138
11,8,12.0,18.379310344827587
11,10,12.724137931034482,17.517241379310345
11,11,19.724137931034484,18.06896551724138
11,13,19.928571428571427,17.714285714285715
11,14,19.035714285714285,13.714285714285714
11,16,19.0,11.75
11,17,18.448275862068964,11.206896551724139
11,19,14.689655172413794,10.448275862068966
11,20,12.0,9.5
11,22,11.633333333333333,9.4
11,23,11.033333333333333,10.866666666666667
12,5,4.206896551724138,2.7586206896551726
12,7,4.724137931034483,1.9310344827586208
12,8,3.4482758620689653,2.3793103448275863
12,10,2.7586206896551726,1.9310344827586208
12,11,2.103448275862069,1.8620689655172413
12,13,2.607142857142857,2.107142857142857
12,14,2.2142857142857144,1.9285714285714286
12,16,2.107142857142857,3.5357142857142856
12,17,2.103448275862069,3.413793103448276
12,19,2.0344827586206895,3.793103448275862
12,20,3.466666666666667,4.133333333333334
12,22,3.5,4.666666666666667
12,23,3.7,3.3666666666666667
13,5,10.862068965517242,11.206896551724139
13,7,10.551724137931034,13.413793103448276
13,8,11.206896551724139,13.793103448275861
13,10,12.827586206896552,14.310344827586206
13,11,15.379310344827585,14.89655172413793
13,13,15.571428571428571,14.428571428571429
13,14,15.678571428571429,12.178571428571429
13,16,15.785714285714286,10.571428571428571
13,17,15.344827586206897,10.413793103448276
13,19,13.068965517241379,9.96551724137931
13,20,11.366666666666667,9.866666666666667
13,22,11.366666666666667,9.566666666666666
13,23,11.2,10.233333333333333
14,5,19.82758620689655,17.344827586206897
14,7,18.75862068965517,20.17241379310345
14,8,16.79310344827586,21.275862068965516
14,10,16.517241379310345,22.344827586206897
14,11,18.620689655172413,20.586206896551722
14,13,20.107142857142858,21.785714285714285
14,14,20.892857142857142,23.678571428571427
14,16,19.892857142857142,24.821428571428573
14,17,21.17241379310345,25.79310344827586
14,19,23.20689655172414,22.620689655172413
14,20,24.466666666666665,20.433333333333334
14,22,25.5,19.6
14,23,22.433333333333334,17.1
15,5,3.0344827586206895,1.9655172413793103
15,7,4.068965517241379,1.2758620689655173
15,8,1.7586206896551724,0.7931034482758621
15,10,1.8275862068965518,1.103448275862069
15,11,1.1724137931034482,0.896551724137931
15,13,0.7142857142857143,0.9642857142857143
15,14,1.1785714285714286,0.7857142857142857
15,16,0.896551724137931,1.5172413793103448
15,17,0.9655172413793104,1.8620689655172413
15,19,0.8275862068965517,2.586206896551724
15,20,1.6333333333333333,2.7
15,22,1.8333333333333333,3.7666666666666666
15,23,2.566666666666667,1.8333333333333333
16,5,12.068965517241379,12.793103448275861
16,7,11.206896551724139,12.137931034482758
16,8,12.827586206896552,12.310344827586206
16,10,11.689655172413794,11.068965517241379
16,11,11.344827586206897,11.0
16,13,11.357142857142858,12.0
16,14,10.785714285714286,12.142857142857142
16,16,10.964285714285714,12.714285714285714
16,17,11.96551724137931,13.413793103448276
16,19,11.793103448275861,12.517241379310345
16,20,12.3,12.766666666666667
16,22,12.533333333333333,11.966666666666667
16,23,11.733333333333333,13.2
17,5,8.724137931034482,9.068965517241379
17,7,8.344827586206897,9.310344827586206
17,8,9.275862068965518,9.344827586206897
17,10,8.586206896551724,10.206896551724139
17,11,8.862068965517242,9.724137931034482
17,13,9.392857142857142,9.107142857142858
17,14,10.642857142857142,8.857142857142858
17,16,10.357142857142858,9.035714285714286
17,17,9.724137931034482,9.379310344827585
17,19,9.482758620689655,9.10344827586207
17,20,9.2,8.733333333333333
17,22,9.233333333333333,8.433333333333334
17,23,8.833333333333334,9.466666666666667
18,5,13.862068965517242,13.068965517241379
18,7,14.206896551724139,7.724137931034483
18,8,13.89655172413793,8.517241379310345
18,10,12.172413793103448,6.793103448275862
18,11,6.758620689655173,7.310344827586207
18,13,7.857142857142857,8.464285714285714
18,14,6.285714285714286,8.035714285714286
18,16,7.071428571428571,12.357142857142858
18,17,7.689655172413793,13.241379310344827
18,19,7.655172413793103,14.517241379310345
18,20,11.866666666666667,13.7
18,22,12.833333333333334,14.166666666666666
18,23,14.4,14.2
19,5,4.206896551724138,10.620689655172415
19,7,3.9310344827586206,16.96551724137931
19,8,5.275862068965517,17.413793103448278
19,10,10.310344827586206,17.82758620689655
19,11,17.862068965517242,18.551724137931036
19,13,17.892857142857142,16.071428571428573
19,14,17.428571428571427,10.142857142857142
19,16,16.964285714285715,8.607142857142858
19,17,14.482758620689655,8.172413793103448
19,19,8.827586206896552,5.896551724137931
19,20,7.166666666666667,4.8
19,22,7.1,4.433333333333334
19,23,5.1,5.566666666666666
20,5,2.3793103448275863,9.724137931034482
20,7,2.206896551724138,13.655172413793103
20,8,6.413793103448276,14.862068965517242
20,10,10.620689655172415,13.344827586206897
20,11,13.724137931034482,12.586206896551724
20,13,13.75,5.428571428571429
20,14,12.0,3.5714285714285716
20,16,11.586206896551724,2.6206896551724137
20,17,4.896551724137931,2.1379310344827585
20,19,3.0344827586206895,2.2758620689655173
20,20,2.2333333333333334,2.3
20,22,2.2,2.033333333333333
20,23,2.3333333333333335,5.9
21,5,11.03448275862069,11.827586206896552
21,7,10.827586206896552,17.379310344827587
21,8,9.275862068965518,17.82758620689655
21,10,11.206896551724139,21.689655172413794
21,11,17.344827586206897,19.93103448275862
21,13,17.285714285714285,18.928571428571427
21,14,20.642857142857142,18.285714285714285
21,16,18.642857142857142,16.107142857142858
21,17,18.482758620689655,15.620689655172415
21,19,17.96551724137931,13.03448275862069
21,20,15.633333333333333,11.766666666666667
21,22,14.466666666666667,11.433333333333334
21,23,11.866666666666667,9.766666666666667
22,5,11.0,12.03448275862069
22,7,10.96551724137931,11.310344827586206
22,8,12.413793103448276,11.655172413793103
22,10,12.137931034482758,11.413793103448276
22,11,11.344827586206897,11.137931034482758
22,13,11.75,12.285714285714286
22,14,11.642857142857142,13.964285714285714
22,16,11.535714285714286,14.607142857142858
22,17,12.448275862068966,13.931034482758621
22,19,13.620689655172415,11.517241379310345
22,20,14.366666666666667,11.266666666666667
22,22,13.766666666666667,11.1
22,23,11.266666666666667,11.9
23,5,23.79310344827586,17.413793103448278
23,7,23.79310344827586,16.862068965517242
23,8,16.0,17.586206896551722
23,10,15.655172413793103,16.96551724137931
23,11,15.862068965517242,18.06896551724138
23,13,17.535714285714285,20.642857142857142
23,14,16.642857142857142,23.142857142857142
23,16,16.857142857142858,24.178571428571427
23,17,19.17241379310345,24.06896551724138
23,19,21.93103448275862,24.379310344827587
23,20,23.566666666666666,24.433333333333334
23,22,23.166666666666668,24.233333333333334
23,23,23.066666666666666,17.266666666666666
24,5,11.310344827586206,10.793103448275861
24,7,9.724137931034482,9.379310344827585
24,8,9.344827586206897,8.89655172413793
24,10,10.689655172413794,10.0
24,11,9.413793103448276,10.620689655172415
24,13,9.035714285714286,12.428571428571429
24,14,9.928571428571429,12.714285714285714
24,16,10.535714285714286,12.75
24,17,12.689655172413794,12.379310344827585
24,19,12.310344827586206,10.482758620689655
24,20,12.9,11.3
24,22,12.366666666666667,9.866666666666667
24,23,10.766666666666667,9.366666666666667
25,5,7.9655172413793105,11.620689655172415
25,7,7.931034482758621,16.344827586206897
25,8,9.344827586206897,16.379310344827587
25,10,11.448275862068966,16.103448275862068
25,11,16.103448275862068,16.379310344827587
25,13,15.642857142857142,14.142857142857142
25,14,15.142857142857142,11.0
25,16,15.035714285714286,8.535714285714286
25,17,13.827586206896552,8.206896551724139
25,19,10.862068965517242,8.379310344827585
25,20,8.8,8.133333333333333
25,22,7.9,8.1
25,23,7.966666666666667,9.266666666666667
26,5,7.9655172413793105,8.89655172413793
26,7,6.517241379310345,12.793103448275861
26,8,6.862068965517241,14.068965517241379
26,10,8.310344827586206,14.931034482758621
26,11,13.620689655172415,16.17241379310345
26,13,14.357142857142858,15.464285714285714
26,14,15.142857142857142,15.535714285714286
26,16,15.607142857142858,15.0
26,17,15.482758620689655,14.206896551724139
26,19,15.517241379310345,11.655172413793103
26,20,14.8,8.933333333333334
26,22,13.533333333333333,7.4
26,23,10.6,7.366666666666666
27,5,6.586206896551724,9.137931034482758
27,7,5.344827586206897,13.137931034482758
27,8,6.793103448275862,15.03448275862069
27,10,9.827586206896552,15.586206896551724
27,11,14.10344827586207,15.413793103448276
27,13,15.535714285714286,15.607142857142858
27,14,15.75,14.142857142857142
27,16,15.035714285714286,14.0
27,17,15.379310344827585,12.724137931034482
27,19,13.862068965517242,9.275862068965518
27,20,13.633333333333333,7.033333333333333
27,22,12.466666666666667,5.7
27,23,9.233333333333333,6.6
28,5,12.448275862068966,10.137931034482758
28,7,13.068965517241379,8.448275862068966
28,8,11.862068965517242,8.517241379310345
28,10,10.448275862068966,8.448275862068966
28,11,8.551724137931034,8.275862068965518
28,13,8.285714285714286,8.535714285714286
28,14,8.678571428571429,8.0
28,16,8.642857142857142,9.5
28,17,8.10344827586207,9.931034482758621
28,19,7.896551724137931,10.827586206896552
28,20,10.033333333333333,11.733333333333333
28,22,11.033333333333333,12.433333333333334
28,23,11.266666666666667,11.466666666666667
29,5,19.20689655172414,16.75862068965517
29,7,18.17241379310345,17.24137931034483
29,8,16.896551724137932,16.82758620689655
29,10,16.379310344827587,18.20689655172414
29,11,17.379310344827587,19.82758620689655
29,13,17.142857142857142,19.321428571428573
29,14,18.035714285714285,19.642857142857142
29,16,19.82758620689655,20.96551724137931
29,17,19.75862068965517,22.310344827586206
29,19,20.586206896551722,21.0
29,20,20.8,19.966666666666665
29,22,21.833333333333332,18.766666666666666
29,23,20.366666666666667,17.833333333333332
30,5,1.5862068965517242,2.0344827586206895
30,7,1.6551724137931034,3.3448275862068964
30,8,1.896551724137931,2.793103448275862
30,10,1.9655172413793103,2.8620689655172415
30,11,3.5172413793103448,3.2413793103448274
30,13,3.0714285714285716,2.607142857142857
30,14,3.0,2.4285714285714284
30,16,3.3793103448275863,2.689655172413793
30,17,2.7241379310344827,2.1379310344827585
30,19,2.4482758620689653,1.8620689655172413
30,20,2.466666666666667,1.5333333333333334
30,22,2.0,1.5666666666666667
30,23,1.8,1.8333333333333333
31,5,9.275862068965518,10.068965517241379
31,7,9.827586206896552,9.379310344827585
31,8,10.241379310344827,9.172413793103448
31,10,10.241379310344827,12.275862068965518
31,11,9.379310344827585,11.448275862068966
31,13,8.5,11.357142857142858
31,14,11.571428571428571,11.964285714285714
31,16,11.535714285714286,11.178571428571429
31,17,10.793103448275861,9.724137931034482
31,19,11.448275862068966,9.724137931034482
31,20,11.166666666666666,9.733333333333333
31,22,9.866666666666667,10.2
31,23,9.633333333333333,10.133333333333333
32,5,14.931034482758621,15.068965517241379
32,7,14.758620689655173,17.275862068965516
32,8,14.89655172413793,17.689655172413794
32,10,15.586206896551724,17.96551724137931
32,11,16.82758620689655,17.344827586206897
32,13,16.785714285714285,17.785714285714285
32,14,17.571428571428573,18.75
32,16,16.571428571428573,19.214285714285715
32,17,17.448275862068964,18.275862068965516
32,19,18.655172413793103,16.517241379310345
32,20,18.7,15.7
32,22,17.333333333333332,15.433333333333334
32,23,15.2,15.3
33,5,11.655172413793103,11.931034482758621
33,7,11.137931034482758,13.482758620689655
33,8,13.448275862068966,13.482758620689655
33,10,12.068965517241379,15.344827586206897
33,11,14.137931034482758,15.413793103448276
33,13,13.142857142857142,16.714285714285715
33,14,15.821428571428571,16.607142857142858
33,16,15.571428571428571,16.464285714285715
33,17,16.103448275862068,15.620689655172415
33,19,15.586206896551724,13.551724137931034
33,20,15.866666666666667,12.7
33,22,15.633333333333333,12.2
33,23,13.133333333333333,13.0
34,5,17.06896551724138,8.275862068965518
34,7,16.482758620689655,9.758620689655173
34,8,13.724137931034482,8.241379310344827
34,10,7.827586206896552,5.551724137931035
34,11,9.448275862068966,6.896551724137931
34,13,7.821428571428571,9.428571428571429
34,14,6.535714285714286,12.25
34,16,7.678571428571429,15.892857142857142
34,17,10.137931034482758,16.862068965517242
34,19,12.344827586206897,17.03448275862069
34,20,16.5,16.633333333333333
34,22,17.766666666666666,16.2
34,23,17.7,14.433333333333334
35,5,13.517241379310345,14.344827586206897
35,7,15.655172413793103,11.448275862068966
35,8,14.551724137931034,10.482758620689655
35,10,14.89655172413793,8.413793103448276
35,11,11.482758620689655,8.448275862068966
35,13,10.321428571428571,7.964285714285714
35,14,8.285714285714286,9.0
35,16,8.892857142857142,10.964285714285714
35,17,8.620689655172415,12.344827586206897
35,19,10.0,13.0
35,20,12.033333333333333,13.933333333333334
35,22,12.766666666666667,15.6
35,23,13.5,14.433333333333334
36,5,13.620689655172415,16.379310344827587
36,7,12.275862068965518,19.689655172413794
36,8,15.0,21.310344827586206
36,10,17.103448275862068,22.24137931034483
36,11,20.137931034482758,22.413793103448278
36,13,20.75,19.964285714285715
36,14,21.25,17.642857142857142
36,16,20.535714285714285,16.392857142857142
36,17,18.586206896551722,16.586206896551722
36,19,16.655172413793103,15.448275862068966
36,20,15.666666666666666,14.4
36,22,15.466666666666667,13.0
36,23,14.566666666666666,14.866666666666667
37,5,10.724137931034482,10.89655172413793
37,7,10.241379310344827,11.827586206896552
37,8,10.275862068965518,12.137931034482758
37,10,10.862068965517242,12.172413793103448
37,11,12.620689655172415,12.793103448275861
37,13,12.535714285714286,11.928571428571429
37,14,12.285714285714286,11.464285714285714
37,16,12.535714285714286,10.892857142857142
37,17,12.413793103448276,11.448275862068966
37,19,11.96551724137931,11.172413793103448
37,20,11.066666666666666,10.833333333333334
37,22,10.833333333333334,10.3
37,23,10.766666666666667,10.233333333333333
38,5,28.586206896551722,26.82758620689655
38,7,29.17241379310345,23.689655172413794
38,8,27.24137931034483,23.413793103448278
38,10,26.724137931034484,23.310344827586206
38,11,23.79310344827586,24.0
38,13,24.142857142857142,25.571428571428573
38,14,24.785714285714285,26.785714285714285
38,16,24.551724137931036,28.551724137931036
38,17,26.379310344827587,28.413793103448278
38,19,27.655172413793103,27.896551724137932
38,20,28.733333333333334,28.0
38,22,28.666666666666668,28.666666666666668
38,23,28.8,27.3
39,5,6.103448275862069,4.827586206896552
39,7,5.655172413793103,3.8275862068965516
39,8,5.655172413793103,4.482758620689655
39,10,4.482758620689655,3.5172413793103448
39,11,3.3448275862068964,3.793103448275862
39,13,3.6785714285714284,3.7142857142857144
39,14,3.75,4.107142857142857
39,16,3.892857142857143,4.107142857142857
39,17,3.4827586206896552,3.896551724137931
39,19,3.8620689655172415,4.793103448275862
39,20,4.433333333333334,5.766666666666667
39,22,4.3,5.3
39,23,5.233333333333333,5.333333333333333
40,5,9.10344827586207,12.482758620689655
40,7,9.241379310344827,13.655172413793103
40,8,11.827586206896552,13.482758620689655
40,10,12.551724137931034,15.517241379310345
40,11,13.96551724137931,13.931034482758621
40,13,13.857142857142858,13.5
40,14,15.321428571428571,13.678571428571429
40,16,13.928571428571429,12.5
40,17,13.827586206896552,11.482758620689655
40,19,13.724137931034482,10.448275862068966
40,20,12.866666666666667,9.9
40,22,11.166666666666666,9.8
40,23,10.0,11.933333333333334
41,5,5.9655172413793105,5.620689655172414
41,7,6.103448275862069,3.9310344827586206
41,8,7.517241379310345,3.6206896551724137
41,10,6.137931034482759,3.0344827586206895
41,11,4.275862068965517,3.1379310344827585
41,13,4.071428571428571,3.107142857142857
41,14,3.9642857142857144,2.7857142857142856
41,16,4.107142857142857,3.5714285714285716
41,17,3.9655172413793105,3.689655172413793
41,19,3.586206896551724,4.896551724137931
41,20,4.6,5.333333333333333
41,22,4.933333333333334,5.466666666666667
41,23,6.266666666666667,6.9
42,5,13.931034482758621,12.89655172413793
42,7,14.344827586206897,10.10344827586207
42,8,13.96551724137931,9.655172413793103
42,10,12.620689655172415,7.586206896551724
42,11,10.068965517241379,7.931034482758621
42,13,10.035714285714286,7.357142857142857
42,14,7.821428571428571,8.821428571428571
42,16,8.571428571428571,12.142857142857142
42,17,8.379310344827585,13.586206896551724
42,19,9.96551724137931,13.724137931034482
42,20,12.7,13.766666666666667
42,22,13.766666666666667,14.466666666666667
42,23,13.633333333333333,13.9
43,5,16.586206896551722,7.896551724137931
43,7,17.75862068965517,5.344827586206897
43,8,14.379310344827585,5.758620689655173
43,10,7.862068965517241,5.862068965517241
43,11,4.931034482758621,6.0344827586206895
43,13,6.035714285714286,6.464285714285714
43,14,6.571428571428571,9.5
43,16,6.678571428571429,13.928571428571429
43,17,7.0,14.413793103448276
43,19,9.931034482758621,14.862068965517242
43,20,15.233333333333333,15.5
43,22,15.866666666666667,16.733333333333334
43,23,16.3,14.233333333333333
44,5,9.206896551724139,4.413793103448276
44,7,9.551724137931034,2.206896551724138
44,8,6.689655172413793,1.4827586206896552
44,10,4.137931034482759,2.5517241379310347
44,11,2.310344827586207,3.2758620689655173
44,13,1.4642857142857142,3.4642857142857144
44,14,3.607142857142857,3.8214285714285716
44,16,3.8214285714285716,5.178571428571429
44,17,4.241379310344827,6.137931034482759
44,19,4.379310344827586,7.758620689655173
44,20,5.866666666666666,8.6
44,22,6.9,9.133333333333333
44,23,8.5,6.7
45,5,16.103448275862068,14.03448275862069
45,7,15.793103448275861,12.03448275862069
45,8,14.655172413793103,9.89655172413793
45,10,12.689655172413794,9.172413793103448
45,11,10.689655172413794,8.793103448275861
45,13,9.178571428571429,11.035714285714286
45,14,8.821428571428571,12.214285714285714
45,16,8.5,13.714285714285714
45,17,10.413793103448276,14.0
45,19,11.517241379310345,15.206896551724139
45,20,13.066666666666666,16.8
45,22,13.433333333333334,16.5
45,23,14.866666666666667,15.566666666666666
47,5,2.0357142857142856,3.1785714285714284
47,7,2.0,6.928571428571429
47,8,1.9310344827586208,6.931034482758621
47,10,3.1379310344827585,6.9655172413793105
47,11,7.068965517241379,7.724137931034483
47,13,7.214285714285714,6.785714285714286
47,14,7.285714285714286,5.285714285714286
47,16,7.642857142857143,3.142857142857143
47,17,6.724137931034483,3.1379310344827585
47,19,4.896551724137931,3.3793103448275863
47,20,2.2,3.1333333333333333
47,22,2.1333333333333333,2.8333333333333335
47,23,2.3,2.3
48,5,17.310344827586206,15.448275862068966
48,7,17.655172413793103,14.724137931034482
48,8,16.517241379310345,13.96551724137931
48,10,14.793103448275861,12.793103448275861
48,11,14.10344827586207,12.827586206896552
48,13,13.857142857142858,13.535714285714286
48,14,12.535714285714286,13.678571428571429
48,16,12.714285714285714,15.321428571428571
48,17,13.310344827586206,15.793103448275861
48,19,13.551724137931034,16.517241379310345
48,20,15.0,16.9
48,22,15.933333333333334,17.5
48,23,16.8,16.566666666666666
49,5,24.310344827586206,20.20689655172414
49,7,24.413793103448278,23.862068965517242
49,8,22.06896551724138,23.06896551724138
49,10,20.482758620689655,22.06896551724138
49,11,24.93103448275862,23.517241379310345
49,13,24.571428571428573,24.928571428571427
49,14,23.5,24.892857142857142
49,16,23.75,23.785714285714285
49,17,25.20689655172414,23.344827586206897
49,19,24.896551724137932,24.17241379310345
49,20,22.9,23.6
49,22,22.633333333333333,23.7
49,23,23.333333333333332,21.766666666666666
50,5,12.724137931034482,6.931034482758621
50,7,12.620689655172415,3.896551724137931
50,8,10.068965517241379,3.0689655172413794
50,10,6.827586206896552,2.3448275862068964
50,11,3.4482758620689653,2.5172413793103448
50,13,3.0,3.6785714285714284
50,14,2.4285714285714284,5.678571428571429
50,16,2.6785714285714284,8.785714285714286
50,17,3.7586206896551726,9.758620689655173
50,19,5.689655172413793,11.172413793103448
50,20,9.166666666666666,12.066666666666666
50,22,10.666666666666666,12.133333333333333
50,23,12.066666666666666,9.733333333333333
51,5,0.0,0.0
51,7,0.0,0.0
51,8,0.0,0.0
51,10,0.0,0.0
51,11,0.0,0.0
51,13,0.0,0.0
51,14,0.0,0.0
51,16,0.0,0.0
51,17,0.0,0.0
51,19,0.0,0.0
51,20,0.0,0.0
51,22,0.0,0.0
51,23,0.0,0.0
52,5,16.482758620689655,17.82758620689655
52,7,15.862068965517242,18.24137931034483
52,8,17.96551724137931,18.482758620689655
52,10,17.517241379310345,21.482758620689655
52,11,18.862068965517242,21.724137931034484
52,13,18.535714285714285,21.571428571428573
52,14,21.107142857142858,21.25
52,16,21.724137931034484,20.20689655172414
52,17,21.655172413793103,19.517241379310345
52,19,21.275862068965516,17.586206896551722
52,20,19.433333333333334,17.4
52,22,18.866666666666667,16.733333333333334
52,23,17.066666666666666,18.566666666666666
53,5,12.172413793103448,11.827586206896552
53,7,11.931034482758621,15.0
53,8,11.862068965517242,15.172413793103448
53,10,12.482758620689655,15.586206896551724
53,11,16.344827586206897,16.275862068965516
53,13,15.928571428571429,16.428571428571427
53,14,16.25,14.464285714285714
53,16,16.214285714285715,12.607142857142858
53,17,16.517241379310345,12.551724137931034
53,19,14.793103448275861,12.0
53,20,12.766666666666667,11.8
53,22,12.766666666666667,11.566666666666666
53,23,12.2,11.533333333333333
54,5,11.482758620689655,12.96551724137931
54,7,11.586206896551724,15.655172413793103
54,8,12.448275862068966,15.310344827586206
54,10,13.10344827586207,14.172413793103448
54,11,15.827586206896552,14.620689655172415
54,13,15.428571428571429,14.535714285714286
54,14,14.357142857142858,12.571428571428571
54,16,14.571428571428571,11.642857142857142
54,17,14.620689655172415,11.931034482758621
54,19,12.862068965517242,11.862068965517242
54,20,11.833333333333334,11.433333333333334
54,22,11.833333333333334,11.666666666666666
54,23,11.966666666666667,12.533333333333333
55,5,5.0,7.379310344827586
55,7,4.931034482758621,11.241379310344827
55,8,5.758620689655173,11.586206896551724
55,10,7.827586206896552,10.275862068965518
55,11,12.482758620689655,11.379310344827585
55,13,12.5,9.964285714285714
55,14,10.857142857142858,6.142857142857143
55,16,11.214285714285714,5.285714285714286
55,17,9.620689655172415,4.9655172413793105
55,19,6.0,4.793103448275862
55,20,5.0,4.833333333333333
55,22,5.0,4.766666666666667
55,23,5.033333333333333,5.433333333333334
56,5,13.758620689655173,17.344827586206897
56,7,15.275862068965518,22.06896551724138
56,8,16.724137931034484,21.17241379310345
56,10,17.06896551724138,19.896551724137932
56,11,22.655172413793103,22.03448275862069
56,13,20.964285714285715,18.5
56,14,19.964285714285715,13.714285714285714
56,16,21.107142857142858,12.535714285714286
56,17,18.06896551724138,12.689655172413794
56,19,12.89655172413793,12.793103448275861
56,20,11.4,14.233333333333333
56,22,11.666666666666666,15.766666666666667
56,23,12.566666666666666,16.9
57,5,10.10344827586207,11.137931034482758
57,7,10.068965517241379,12.310344827586206
57,8,9.793103448275861,11.379310344827585
57,10,11.03448275862069,11.551724137931034
57,11,12.206896551724139,11.89655172413793
57,13,11.464285714285714,10.75
57,14,11.142857142857142,9.142857142857142
57,16,11.214285714285714,8.964285714285714
57,17,10.758620689655173,9.241379310344827
57,19,9.517241379310345,9.551724137931034
57,20,9.4,9.633333333333333
57,22,9.466666666666667,9.6
57,23,9.666666666666666,10.033333333333333
58,5,18.689655172413794,25.96551724137931
58,7,19.482758620689655,28.82758620689655
58,8,23.103448275862068,27.93103448275862
58,10,26.0,28.75862068965517
58,11,28.275862068965516,29.310344827586206
58,13,28.0,24.714285714285715
58,14,27.107142857142858,22.571428571428573
58,16,28.071428571428573,18.964285714285715
58,17,23.655172413793103,17.96551724137931
58,19,21.413793103448278,17.82758620689655
58,20,17.833333333333332,18.433333333333334
58,22,16.866666666666667,19.533333333333335
58,23,17.1,24.233333333333334
59,5,1.6551724137931034,1.3103448275862069
59,7,1.9655172413793103,2.2758620689655173
59,8,1.0344827586206897,1.7241379310344827
59,10,1.5172413793103448,2.0344827586206895
59,11,2.6551724137931036,1.793103448275862
59,13,1.6428571428571428,0.6071428571428571
59,14,1.7142857142857142,0.5357142857142857
59,16,1.8275862068965518,0.6551724137931034
59,17,0.6551724137931034,0.8275862068965517
59,19,0.4827586206896552,1.1724137931034482
59,20,0.6,1.4333333333333333
59,22,0.9,1.7
59,23,1.2666666666666666,0.8666666666666667
60,5,14.172413793103448,8.931034482758621
60,7,16.448275862068964,5.896551724137931
60,8,12.275862068965518,6.103448275862069
60,10,8.206896551724139,4.137931034482759
60,11,4.758620689655173,4.896551724137931
60,13,5.607142857142857,4.464285714285714
60,14,4.785714285714286,5.678571428571429
60,16,5.5,8.714285714285714
60,17,5.103448275862069,9.862068965517242
60,19,6.0,10.862068965517242
60,20,9.7,13.133333333333333
60,22,11.066666666666666,15.3
60,23,12.2,12.533333333333333
61,5,2.6206896551724137,4.689655172413793
61,7,2.9310344827586206,4.448275862068965
61,8,4.103448275862069,4.586206896551724
61,10,5.206896551724138,3.8275862068965516
61,11,4.896551724137931,3.9655172413793105
61,13,4.071428571428571,3.2857142857142856
61,14,3.142857142857143,2.5
61,16,3.5357142857142856,3.0
61,17,3.1724137931034484,2.689655172413793
61,19,2.5172413793103448,2.793103448275862
61,20,2.9,2.5
61,22,2.6333333333333333,2.8333333333333335
61,23,2.8,3.5
62,5,13.793103448275861,16.379310344827587
62,7,14.310344827586206,19.482758620689655
62,8,16.482758620689655,19.724137931034484
62,10,17.448275862068964,19.724137931034484
62,11,20.724137931034484,20.75862068965517
62,13,20.392857142857142,20.428571428571427
62,14,20.25,17.928571428571427
62,16,20.714285714285715,15.321428571428571
62,17,21.06896551724138,14.724137931034482
62,19,18.517241379310345,13.068965517241379
62,20,15.533333333333333,13.266666666666667
62,22,14.733333333333333,13.633333333333333
62,23,13.366666666666667,15.5
63,5,19.551724137931036,18.551724137931036
63,7,19.551724137931036,18.448275862068964
63,8,19.75862068965517,20.06896551724138
63,10,18.75862068965517,19.448275862068964
63,11,18.82758620689655,20.03448275862069
63,13,19.392857142857142,19.321428571428573
63,14,18.75,20.178571428571427
63,16,19.357142857142858,22.321428571428573
63,17,19.551724137931036,22.551724137931036
63,19,20.620689655172413,20.82758620689655
63,20,22.033333333333335,19.5
63,22,22.1,19.4
63,23,19.933333333333334,19.233333333333334
64,5,23.82758620689655,16.379310344827587
64,7,24.20689655172414,19.379310344827587
64,8,17.344827586206897,18.448275862068964
64,10,15.448275862068966,18.862068965517242
64,11,18.82758620689655,20.75862068965517
64,13,19.107142857142858,20.357142857142858
64,14,18.214285714285715,21.0
64,16,19.724137931034484,23.275862068965516
64,17,20.103448275862068,23.620689655172413
64,19,21.20689655172414,23.93103448275862
64,20,23.233333333333334,23.966666666666665
64,22,23.3,24.233333333333334
64,23,23.233333333333334,17.5
65,5,7.413793103448276,12.551724137931034
65,7,7.758620689655173,19.82758620689655
65,8,8.551724137931034,18.96551724137931
65,10,13.241379310344827,17.724137931034484
65,11,20.689655172413794,18.620689655172413
65,13,19.0,14.321428571428571
65,14,16.0,7.142857142857143
65,16,16.857142857142858,5.857142857142857
65,17,13.379310344827585,6.068965517241379
65,19,6.896551724137931,6.413793103448276
65,20,5.166666666666667,7.1
65,22,5.533333333333333,7.366666666666666
65,23,6.266666666666667,8.3
66,5,9.551724137931034,12.137931034482758
66,7,11.758620689655173,16.379310344827587
66,8,10.827586206896552,14.344827586206897
66,10,11.793103448275861,10.03448275862069
66,11,17.03448275862069,11.931034482758621
66,13,14.25,8.857142857142858
66,14,9.785714285714286,5.357142857142857
66,16,10.5,6.285714285714286
66,17,8.689655172413794,6.620689655172414
66,19,5.137931034482759,8.793103448275861
66,20,5.766666666666667,10.066666666666666
66,22,6.1,11.733333333333333
66,23,8.966666666666667,11.0
67,5,17.482758620689655,20.17241379310345
67,7,18.103448275862068,18.586206896551722
67,8,22.137931034482758,18.379310344827587
67,10,21.06896551724138,16.620689655172413
67,11,19.79310344827586,16.862068965517242
67,13,18.714285714285715,17.464285714285715
67,14,17.964285714285715,17.142857142857142
67,16,17.535714285714285,17.357142857142858
67,17,18.275862068965516,18.379310344827587
67,19,17.655172413793103,19.517241379310345
67,20,17.466666666666665,16.966666666666665
67,22,18.733333333333334,17.566666666666666
67,23,19.8,21.166666666666668
68,5,16.82758620689655,20.620689655172413
68,7,17.551724137931036,23.379310344827587
68,8,15.827586206896552,22.586206896551722
68,10,21.344827586206897,22.482758620689655
68,11,24.275862068965516,22.79310344827586
68,13,23.857142857142858,20.785714285714285
68,14,23.142857142857142,17.321428571428573
68,16,22.785714285714285,14.928571428571429
68,17,21.344827586206897,15.10344827586207
68,19,18.413793103448278,15.206896551724139
68,20,15.766666666666667,15.533333333333333
68,22,15.966666666666667,16.566666666666666
68,23,16.2,15.666666666666666
69,5,18.103448275862068,26.620689655172413
69,7,20.24137931034483,27.655172413793103
69,8,25.896551724137932,27.275862068965516
69,10,27.724137931034484,27.137931034482758
69,11,28.03448275862069,25.482758620689655
69,13,27.785714285714285,21.642857142857142
69,14,28.571428571428573,22.964285714285715
69,16,27.571428571428573,18.107142857142858
69,17,23.655172413793103,18.551724137931036
69,19,24.137931034482758,17.517241379310345
69,20,19.3,17.766666666666666
69,22,19.233333333333334,20.0
69,23,18.1,24.733333333333334
71,5,17.24137931034483,14.310344827586206
71,7,16.79310344827586,14.931034482758621
71,8,15.862068965517242,15.517241379310345
71,10,15.586206896551724,14.689655172413794
71,11,16.20689655172414,15.03448275862069
71,13,16.392857142857142,14.75
71,14,15.571428571428571,13.071428571428571
71,16,16.0,14.071428571428571
71,17,16.0,15.379310344827585
71,19,14.379310344827585,15.862068965517242
71,20,15.233333333333333,15.966666666666667
71,22,16.633333333333333,15.733333333333333
71,23,17.7,15.0
72,5,5.379310344827586,3.0
72,7,4.068965517241379,1.8620689655172413
72,8,3.4827586206896552,1.5862068965517242
72,10,2.793103448275862,1.7586206896551724
72,11,2.0,1.6206896551724137
72,13,1.5,2.607142857142857
72,14,1.75,2.3214285714285716
72,16,1.3571428571428572,5.142857142857143
72,17,2.4827586206896552,5.655172413793103
72,19,2.310344827586207,5.862068965517241
72,20,5.166666666666667,5.5
72,22,5.8,4.4
72,23,6.2,3.7666666666666666
73,5,12.0,5.689655172413793
73,7,11.827586206896552,4.9655172413793105
73,8,6.655172413793103,5.241379310344827
73,10,5.379310344827586,5.793103448275862
73,11,4.551724137931035,5.241379310344827
73,13,5.321428571428571,5.464285714285714
73,14,6.142857142857143,6.071428571428571
73,16,5.821428571428571,9.571428571428571
73,17,5.793103448275862,9.931034482758621
73,19,6.379310344827586,11.689655172413794
73,20,9.233333333333333,11.933333333333334
73,22,9.833333333333334,11.733333333333333
73,23,11.466666666666667,6.933333333333334
74,5,13.96551724137931,10.0
74,7,14.068965517241379,8.862068965517242
74,8,12.275862068965518,8.241379310344827
74,10,10.413793103448276,7.9655172413793105
74,11,9.310344827586206,8.517241379310345
74,13,8.928571428571429,9.928571428571429
74,14,8.75,10.142857142857142
74,16,9.428571428571429,11.178571428571429
74,17,10.172413793103448,11.551724137931034
74,19,10.379310344827585,13.275862068965518
74,20,11.133333333333333,13.233333333333333
74,22,12.1,13.466666666666667
74,23,13.566666666666666,11.733333333333333
75,5,11.931034482758621,12.620689655172415
75,7,12.137931034482758,10.724137931034482
75,8,14.344827586206897,10.448275862068966
75,10,12.03448275862069,8.137931034482758
75,11,8.931034482758621,9.827586206896552
75,13,10.178571428571429,10.107142857142858
75,14,9.428571428571429,10.535714285714286
75,16,10.137931034482758,10.310344827586206
75,17,10.275862068965518,10.758620689655173
75,19,10.517241379310345,11.344827586206897
75,20,11.1,12.066666666666666
75,22,11.5,12.2
75,23,11.733333333333333,14.6
76,5,10.862068965517242,8.827586206896552
76,7,10.931034482758621,5.724137931034483
76,8,8.827586206896552,7.275862068965517
76,10,7.793103448275862,8.310344827586206
76,11,4.344827586206897,7.793103448275862
76,13,6.285714285714286,10.357142857142858
76,14,7.571428571428571,10.392857142857142
76,16,8.142857142857142,11.392857142857142
76,17,9.89655172413793,11.0
76,19,9.310344827586206,11.344827586206897
76,20,10.6,11.533333333333333
76,22,10.4,11.5
76,23,10.833333333333334,9.566666666666666
77,5,14.03448275862069,13.068965517241379
77,7,14.448275862068966,14.03448275862069
77,8,14.0,14.0
77,10,13.137931034482758,16.20689655172414
77,11,14.0,15.827586206896552
77,13,13.642857142857142,15.678571428571429
77,14,16.285714285714285,15.357142857142858
77,16,16.142857142857142,15.357142857142858
77,17,15.96551724137931,15.482758620689655
77,19,15.413793103448276,14.689655172413794
77,20,15.066666666666666,14.5
77,22,14.8,14.833333333333334
77,23,14.0,14.3
78,5,6.275862068965517,6.310344827586207
78,7,7.0,4.620689655172414
78,8,7.827586206896552,3.9310344827586206
78,10,7.068965517241379,3.1724137931034484
78,11,5.517241379310345,3.310344827586207
78,13,5.142857142857143,3.892857142857143
78,14,4.464285714285714,4.142857142857143
78,16,4.275862068965517,4.103448275862069
78,17,4.551724137931035,4.586206896551724
78,19,4.724137931034483,5.551724137931035
78,20,5.0,5.8
78,22,5.4,6.5
78,23,6.1,7.4
79,5,0.5517241379310345,3.3448275862068964
79,7,0.5862068965517241,2.7586206896551726
79,8,2.310344827586207,2.5517241379310347
79,10,3.8275862068965516,2.5517241379310347
79,11,3.0,2.6206896551724137
79,13,2.75,1.75
79,14,2.357142857142857,1.1428571428571428
79,16,2.6551724137931036,0.8620689655172413
79,17,1.5517241379310345,0.5862068965517241
79,19,0.9655172413793104,0.4827586206896552
79,20,0.9666666666666667,0.4666666666666667
79,22,0.7333333333333333,0.5
79,23,0.6,2.033333333333333
80,5,7.551724137931035,11.620689655172415
80,7,7.482758620689655,10.931034482758621
80,8,10.931034482758621,10.310344827586206
80,10,10.517241379310345,10.379310344827585
80,11,10.241379310344827,10.379310344827585
80,13,10.25,9.857142857142858
80,14,10.535714285714286,8.928571428571429
80,16,10.10344827586207,8.586206896551724
80,17,9.068965517241379,7.862068965517241
80,19,8.310344827586206,8.03448275862069
80,20,8.6,8.833333333333334
80,22,8.066666666666666,8.733333333333333
80,23,8.033333333333333,12.033333333333333
82,5,6.655172413793103,5.206896551724138
82,7,6.896551724137931,3.310344827586207
82,8,5.551724137931035,2.9655172413793105
82,10,5.068965517241379,2.5172413793103448
82,11,3.0,2.4482758620689653
82,13,2.75,2.892857142857143
82,14,2.9285714285714284,4.107142857142857
82,16,3.1785714285714284,5.035714285714286
82,17,3.4827586206896552,5.103448275862069
82,19,4.344827586206897,5.9655172413793105
82,20,5.166666666666667,6.466666666666667
82,22,5.433333333333334,6.733333333333333
82,23,6.333333333333333,5.466666666666667
83,5,19.448275862068964,16.79310344827586
83,7,19.93103448275862,14.172413793103448
83,8,17.896551724137932,12.931034482758621
83,10,15.482758620689655,12.379310344827585
83,11,13.206896551724139,11.482758620689655
83,13,13.142857142857142,13.857142857142858
83,14,13.357142857142858,15.571428571428571
83,16,12.571428571428571,18.785714285714285
83,17,13.96551724137931,19.06896551724138
83,19,15.482758620689655,19.75862068965517
83,20,18.633333333333333,20.333333333333332
83,22,19.5,20.7
83,23,20.266666666666666,19.0
84,5,13.137931034482758,10.068965517241379
84,7,13.517241379310345,8.793103448275861
84,8,11.172413793103448,8.03448275862069
84,10,9.068965517241379,8.551724137931034
84,11,7.9655172413793105,9.275862068965518
84,13,7.892857142857143,9.821428571428571
84,14,8.5,10.642857142857142
84,16,9.642857142857142,11.464285714285714
84,17,9.517241379310345,11.862068965517242
84,19,10.275862068965518,12.862068965517242
84,20,11.5,13.733333333333333
84,22,12.233333333333333,14.1
84,23,13.3,12.233333333333333
85,5,18.275862068965516,16.96551724137931
85,7,18.551724137931036,13.241379310344827
85,8,18.551724137931036,13.724137931034482
85,10,16.379310344827587,13.862068965517242
85,11,13.310344827586206,13.655172413793103
85,13,14.392857142857142,14.535714285714286
85,14,15.607142857142858,15.785714285714286
85,16,15.0,17.0
85,17,14.758620689655173,16.896551724137932
85,19,15.275862068965518,17.93103448275862
85,20,16.766666666666666,18.5
85,22,17.233333333333334,18.8
85,23,18.266666666666666,19.0
86,5,24.482758620689655,20.79310344827586
86,7,24.96551724137931,15.517241379310345
86,8,23.93103448275862,14.655172413793103
86,10,19.551724137931036,12.379310344827585
86,11,14.172413793103448,12.482758620689655
86,13,14.25,14.178571428571429
86,14,12.785714285714286,18.75
86,16,12.785714285714286,22.535714285714285
86,17,14.0,22.586206896551722
86,19,18.482758620689655,23.93103448275862
86,20,22.4,25.066666666666666
86,22,22.6,25.4
86,23,23.5,24.8
87,5,13.172413793103448,13.655172413793103
87,7,14.96551724137931,11.413793103448276
87,8,14.517241379310345,10.793103448275861
87,10,13.10344827586207,8.655172413793103
87,11,10.275862068965518,7.9655172413793105
87,13,10.071428571428571,7.607142857142857
87,14,8.214285714285714,7.785714285714286
87,16,8.214285714285714,9.142857142857142
87,17,7.068965517241379,9.482758620689655
87,19,7.275862068965517,11.655172413793103
87,20,9.1,13.9
87,22,9.633333333333333,15.5
87,23,11.8,15.2
88,5,9.793103448275861,6.172413793103448
88,7,9.931034482758621,4.482758620689655
88,8,5.896551724137931,4.344827586206897
88,10,4.517241379310345,4.137931034482759
88,11,2.8620689655172415,3.1724137931034484
88,13,3.0357142857142856,4.178571428571429
88,14,2.857142857142857,4.75
88,16,2.5357142857142856,7.0
88,17,3.7586206896551726,7.689655172413793
88,19,4.206896551724138,9.310344827586206
88,20,6.633333333333334,10.466666666666667
88,22,7.133333333333334,10.8
88,23,8.866666666666667,7.5
89,5,5.896551724137931,7.103448275862069
89,7,5.793103448275862,9.413793103448276
89,8,6.448275862068965,9.517241379310345
89,10,8.551724137931034,8.413793103448276
89,11,11.413793103448276,9.620689655172415
89,13,11.178571428571429,8.642857142857142
89,14,9.928571428571429,6.642857142857143
89,16,10.25,5.964285714285714
89,17,9.206896551724139,5.689655172413793
89,19,7.310344827586207,5.379310344827586
89,20,6.366666666666666,5.233333333333333
89,22,6.233333333333333,5.066666666666666
89,23,6.166666666666667,5.466666666666667
90,5,9.03448275862069,19.517241379310345
90,7,9.03448275862069,19.896551724137932
90,8,9.758620689655173,18.379310344827587
90,10,18.75862068965517,19.0
90,11,20.17241379310345,19.586206896551722
90,13,19.285714285714285,14.035714285714286
90,14,18.571428571428573,7.964285714285714
90,16,18.357142857142858,7.107142857142857
90,17,14.03448275862069,8.482758620689655
90,19,8.241379310344827,8.413793103448276
90,20,7.266666666666667,9.233333333333333
90,22,7.933333333333334,9.3
90,23,7.833333333333333,10.966666666666667
91,5,21.93103448275862,19.896551724137932
91,7,22.862068965517242,21.275862068965516
91,8,20.724137931034484,20.24137931034483
91,10,18.551724137931036,17.75862068965517
91,11,19.724137931034484,17.620689655172413
91,13,18.857142857142858,18.571428571428573
91,14,17.607142857142858,18.75
91,16,17.321428571428573,17.214285714285715
91,17,18.551724137931036,17.0
91,19,18.896551724137932,20.79310344827586
91,20,17.566666666666666,22.133333333333333
91,22,17.0,23.0
91,23,20.833333333333332,21.466666666666665
92,5,35.793103448275865,30.103448275862068
92,7,35.55172413793103,24.620689655172413
92,8,33.724137931034484,23.137931034482758
92,10,28.413793103448278,20.379310344827587
92,11,22.82758620689655,20.75862068965517
92,13,22.464285714285715,21.892857142857142
92,14,20.892857142857142,30.571428571428573
92,16,21.464285714285715,33.75
92,17,22.79310344827586,34.6551724137931
92,19,30.82758620689655,35.41379310344828
92,20,34.13333333333333,35.9
92,22,35.0,35.93333333333333
92,23,35.46666666666667,34.56666666666667
93,5,25.03448275862069,15.275862068965518
93,7,25.06896551724138,11.172413793103448
93,8,23.586206896551722,10.89655172413793
93,10,12.482758620689655,9.344827586206897
93,11,8.448275862068966,9.172413793103448
93,13,8.785714285714286,11.357142857142858
93,14,8.892857142857142,22.964285714285715
93,16,8.714285714285714,24.428571428571427
93,17,10.620689655172415,24.517241379310345
93,19,21.96551724137931,25.689655172413794
93,20,24.033333333333335,26.366666666666667
93,22,24.166666666666668,26.4
93,23,24.266666666666666,25.233333333333334
94,5,15.137931034482758,15.068965517241379
94,7,15.137931034482758,10.758620689655173
94,8,14.620689655172415,10.551724137931034
94,10,12.620689655172415,10.137931034482758
94,11,8.482758620689655,9.862068965517242
94,13,8.607142857142858,9.5
94,14,8.5,11.357142857142858
94,16,8.392857142857142,15.357142857142858
94,17,8.206896551724139,15.344827586206897
94,19,10.0,15.793103448275861
94,20,14.166666666666666,16.966666666666665
94,22,14.433333333333334,16.966666666666665
94,23,14.766666666666667,16.466666666666665
95,5,16.413793103448278,14.655172413793103
95,7,17.20689655172414,12.827586206896552
95,8,16.275862068965516,12.172413793103448
95,10,14.310344827586206,9.379310344827585
95,11,12.310344827586206,9.448275862068966
95,13,12.785714285714286,11.428571428571429
95,14,10.714285714285714,12.035714285714286
95,16,11.035714285714286,13.857142857142858
95,17,11.793103448275861,14.275862068965518
95,19,12.03448275862069,15.620689655172415
95,20,13.9,16.266666666666666
95,22,14.933333333333334,17.166666666666668
95,23,16.233333333333334,16.166666666666668
96,5,9.724137931034482,8.482758620689655
96,7,9.551724137931034,6.551724137931035
96,8,9.517241379310345,6.241379310344827
96,10,9.03448275862069,6.172413793103448
96,11,7.0,6.689655172413793
96,13,6.571428571428571,6.821428571428571
96,14,6.964285714285714,6.928571428571429
96,16,7.714285714285714,7.928571428571429
96,17,7.482758620689655,8.03448275862069
96,19,7.758620689655173,8.96551724137931
96,20,8.6,9.333333333333334
96,22,9.033333333333333,9.266666666666667
96,23,9.866666666666667,9.066666666666666
97,5,15.310344827586206,13.413793103448276
97,7,15.620689655172415,9.10344827586207
97,8,15.89655172413793,10.931034482758621
97,10,12.724137931034482,11.931034482758621
97,11,9.10344827586207,12.482758620689655
97,13,11.142857142857142,11.642857142857142
97,14,12.5,12.071428571428571
97,16,12.821428571428571,13.714285714285714
97,17,11.344827586206897,13.517241379310345
97,19,12.068965517241379,14.827586206896552
97,20,13.9,15.766666666666667
97,22,14.1,16.1
97,23,15.166666666666666,16.166666666666668
98,5,21.862068965517242,20.137931034482758
98,7,20.93103448275862,24.620689655172413
98,8,18.689655172413794,24.93103448275862
98,10,20.06896551724138,26.93103448275862
98,11,24.862068965517242,26.17241379310345
98,13,23.785714285714285,25.321428571428573
98,14,24.821428571428573,24.642857142857142
98,16,24.96551724137931,24.689655172413794
98,17,24.551724137931036,24.20689655172414
98,19,23.586206896551722,23.448275862068964
98,20,23.6,22.633333333333333
98,22,23.266666666666666,21.766666666666666
98,23,22.666666666666668,19.066666666666666
99,5,14.206896551724139,14.206896551724139
99,7,13.931034482758621,17.06896551724138
99,8,13.862068965517242,17.310344827586206
99,10,14.96551724137931,16.96551724137931
99,11,18.0,18.17241379310345
99,13,18.142857142857142,18.285714285714285
99,14,17.785714285714285,17.392857142857142
99,16,18.535714285714285,15.642857142857142
99,17,18.482758620689655,15.344827586206897
99,19,17.689655172413794,14.655172413793103
99,20,15.8,13.433333333333334
99,22,15.6,13.133333333333333
99,23,15.0,13.233333333333333
100,5,21.137931034482758,12.0
100,7,21.0,10.655172413793103
100,8,15.586206896551724,10.517241379310345
100,10,11.482758620689655,11.620689655172415
100,11,10.0,11.758620689655173
100,13,11.214285714285714,19.321428571428573
100,14,12.821428571428571,20.607142857142858
100,16,13.035714285714286,20.964285714285715
100,17,20.06896551724138,21.482758620689655
100,19,21.275862068965516,21.24137931034483
100,20,21.333333333333332,20.766666666666666
100,22,21.433333333333334,20.7
100,23,21.2,15.733333333333333
101,5,10.379310344827585,6.896551724137931
101,7,11.03448275862069,5.310344827586207
101,8,6.482758620689655,4.137931034482759
101,10,6.103448275862069,2.9655172413793105
101,11,4.172413793103448,3.206896551724138
101,13,3.892857142857143,3.142857142857143
101,14,2.8214285714285716,3.5
101,16,3.0,4.821428571428571
101,17,2.9655172413793105,6.172413793103448
101,19,3.5172413793103448,8.448275862068966
101,20,5.2,9.866666666666667
101,22,6.633333333333334,10.666666666666666
101,23,9.1,6.866666666666666
102,5,8.344827586206897,9.96551724137931
102,7,8.379310344827585,7.517241379310345
102,8,10.413793103448276,8.551724137931034
102,10,10.793103448275861,9.172413793103448
102,11,7.793103448275862,9.586206896551724
102,13,9.25,9.821428571428571
102,14,10.214285714285714,8.428571428571429
102,16,10.03448275862069,8.172413793103448
102,17,10.586206896551724,7.793103448275862
102,19,9.137931034482758,7.896551724137931
102,20,8.4,7.8
102,22,8.233333333333333,7.9
102,23,8.333333333333334,9.833333333333334
103,5,2.7586206896551726,3.2758620689655173
103,7,2.7586206896551726,3.8275862068965516
103,8,3.1379310344827585,4.172413793103448
103,10,3.310344827586207,3.3448275862068964
103,11,4.103448275862069,2.9310344827586206
103,13,4.5,2.8214285714285716
103,14,3.642857142857143,2.4642857142857144
103,16,3.2758620689655173,2.4482758620689653
103,17,3.0,2.6206896551724137
103,19,2.586206896551724,2.4827586206896552
103,20,2.6,2.6333333333333333
103,22,2.8,2.533333333333333
103,23,2.566666666666667,2.966666666666667
104,5,6.172413793103448,8.068965517241379
104,7,6.310344827586207,7.275862068965517
104,8,8.517241379310345,7.724137931034483
104,10,8.758620689655173,8.03448275862069
104,11,8.586206896551724,7.862068965517241
104,13,9.392857142857142,7.0
104,14,9.678571428571429,6.571428571428571
104,16,9.172413793103448,5.931034482758621
104,17,8.10344827586207,5.724137931034483
104,19,7.689655172413793,5.586206896551724
104,20,7.0,5.3
104,22,6.766666666666667,5.466666666666667
104,23,6.666666666666667,7.6
105,5,3.206896551724138,1.9310344827586208
105,7,3.1724137931034484,1.3103448275862069
105,8,3.2413793103448274,1.4482758620689655
105,10,2.7241379310344827,2.7586206896551726
105,11,2.0689655172413794,2.896551724137931
105,13,2.3214285714285716,3.142857142857143
105,14,3.7142857142857144,3.357142857142857
105,16,3.5714285714285716,3.107142857142857
105,17,3.8620689655172415,2.7586206896551726
105,19,4.137931034482759,2.7241379310344827
105,20,3.8333333333333335,2.7
105,22,3.5,2.566666666666667
105,23,3.566666666666667,2.7666666666666666
106,5,10.758620689655173,8.137931034482758
106,7,10.413793103448276,9.241379310344827
106,8,10.068965517241379,9.758620689655173
106,10,8.931034482758621,11.310344827586206
106,11,9.172413793103448,10.172413793103448
106,13,10.285714285714286,9.964285714285714
106,14,11.071428571428571,11.285714285714286
106,16,10.535714285714286,10.607142857142858
106,17,10.689655172413794,10.482758620689655
106,19,12.0,10.758620689655173
106,20,11.366666666666667,10.366666666666667
106,22,11.1,10.0
106,23,11.1,10.266666666666667
107,5,8.586206896551724,7.206896551724138
107,7,9.172413793103448,6.931034482758621
107,8,9.10344827586207,8.551724137931034
107,10,7.620689655172414,8.862068965517242
107,11,7.0344827586206895,8.620689655172415
107,13,9.035714285714286,11.678571428571429
107,14,9.678571428571429,10.607142857142858
107,16,9.5,9.142857142857142
107,17,11.689655172413794,8.862068965517242
107,19,11.344827586206897,8.206896551724139
107,20,10.066666666666666,8.133333333333333
107,22,9.9,8.733333333333333
107,23,8.966666666666667,8.8
108,5,8.0,6.655172413793103
108,7,8.448275862068966,6.586206896551724
108,8,8.068965517241379,7.862068965517241
108,10,7.517241379310345,9.0
108,11,6.931034482758621,9.413793103448276
108,13,8.178571428571429,9.285714285714286
108,14,9.178571428571429,7.928571428571429
108,16,10.035714285714286,7.357142857142857
108,17,8.862068965517242,7.620689655172414
108,19,8.172413793103448,7.517241379310345
108,20,7.2,7.3
108,22,7.466666666666667,7.866666666666666
108,23,7.666666666666667,7.233333333333333
109,5,16.482758620689655,16.689655172413794
109,7,18.06896551724138,14.379310344827585
109,8,16.482758620689655,13.448275862068966
109,10,16.24137931034483,12.586206896551724
109,11,13.620689655172415,11.482758620689655
109,13,13.321428571428571,11.857142857142858
109,14,12.571428571428571,12.464285714285714
109,16,11.785714285714286,12.928571428571429
109,17,11.517241379310345,12.827586206896552
109,19,12.03448275862069,14.862068965517242
109,20,12.366666666666667,16.533333333333335
109,22,12.466666666666667,17.966666666666665
109,23,14.6,16.5
110,5,8.482758620689655,7.931034482758621
110,7,8.379310344827585,5.931034482758621
110,8,9.10344827586207,6.724137931034483
110,10,8.827586206896552,7.206896551724138
110,11,7.206896551724138,7.9655172413793105
110,13,8.285714285714286,8.321428571428571
110,14,8.785714285714286,8.214285714285714
110,16,9.10344827586207,7.448275862068965
110,17,9.10344827586207,7.344827586206897
110,19,8.862068965517242,7.241379310344827
110,20,8.366666666666667,7.5
110,22,8.3,7.633333333333334
110,23,8.4,8.333333333333334
111,5,6.827586206896552,2.8620689655172415
111,7,6.620689655172414,1.8275862068965518
111,8,3.7586206896551726,2.1724137931034484
111,10,3.4827586206896552,1.7586206896551724
111,11,2.1724137931034484,1.6551724137931034
111,13,2.2857142857142856,1.7142857142857142
111,14,1.3214285714285714,2.3214285714285716
111,16,1.4285714285714286,4.107142857142857
111,17,1.6551724137931034,4.931034482758621
111,19,2.413793103448276,5.068965517241379
111,20,4.266666666666667,6.4
111,22,5.2,6.466666666666667
111,23,5.4,3.533333333333333
112,5,21.310344827586206,8.689655172413794
112,7,21.275862068965516,7.413793103448276
112,8,11.689655172413794,6.482758620689655
112,10,8.206896551724139,5.931034482758621
112,11,7.206896551724138,6.655172413793103
112,13,7.035714285714286,8.464285714285714
112,14,6.571428571428571,10.071428571428571
112,16,7.071428571428571,13.357142857142858
112,17,8.724137931034482,14.689655172413794
112,19,10.275862068965518,18.344827586206897
112,20,13.866666666666667,19.5
112,22,15.8,19.533333333333335
112,23,19.9,11.2
113,5,10.137931034482758,11.89655172413793
113,7,9.827586206896552,14.448275862068966
113,8,10.241379310344827,14.793103448275861
113,10,10.724137931034482,15.448275862068966
113,11,14.241379310344827,16.24137931034483
113,13,14.0,15.428571428571429
113,14,14.571428571428571,13.321428571428571
113,16,15.0,11.535714285714286
113,17,15.03448275862069,11.379310344827585
113,19,12.89655172413793,11.0
113,20,10.966666666666667,11.2
113,22,10.366666666666667,10.9
113,23,9.933333333333334,11.2
114,5,3.206896551724138,11.551724137931034
114,7,3.6206896551724137,16.17241379310345
114,8,6.551724137931035,16.93103448275862
114,10,11.724137931034482,16.75862068965517
114,11,16.06896551724138,16.24137931034483
114,13,16.142857142857142,12.571428571428571
114,14,16.285714285714285,8.071428571428571
114,16,15.607142857142858,3.75
114,17,11.862068965517242,3.310344827586207
114,19,6.9655172413793105,3.5517241379310347
114,20,2.9,3.2666666666666666
114,22,2.6666666666666665,3.7
114,23,3.3333333333333335,6.2
115,5,25.96551724137931,22.24137931034483
115,7,27.448275862068964,16.137931034482758
115,8,25.551724137931036,14.10344827586207
115,10,22.06896551724138,11.206896551724139
115,11,15.379310344827585,9.689655172413794
115,13,14.035714285714286,10.464285714285714
115,14,11.642857142857142,12.785714285714286
115,16,10.857142857142858,18.142857142857142
115,17,11.172413793103448,19.96551724137931
115,19,13.517241379310345,23.689655172413794
115,20,18.8,25.0
115,22,20.9,26.333333333333332
115,23,24.866666666666667,25.033333333333335
116,5,8.413793103448276,6.241379310344827
116,7,8.827586206896552,6.482758620689655
116,8,7.620689655172414,6.758620689655173
116,10,7.0344827586206895,7.344827586206897
116,11,6.620689655172414,7.655172413793103
116,13,7.178571428571429,8.892857142857142
116,14,8.25,8.285714285714286
116,16,8.571428571428571,7.607142857142857
116,17,9.275862068965518,7.448275862068965
116,19,8.620689655172415,8.0
116,20,8.033333333333333,7.633333333333334
116,22,8.166666666666666,8.0
116,23,8.766666666666667,6.9
117,5,10.827586206896552,13.517241379310345
117,7,10.517241379310345,17.551724137931036
117,8,12.448275862068966,17.586206896551722
117,10,13.931034482758621,16.79310344827586
117,11,18.344827586206897,17.482758620689655
117,13,17.571428571428573,15.821428571428571
117,14,16.357142857142858,12.5
117,16,16.464285714285715,11.214285714285714
117,17,15.310344827586206,11.448275862068966
117,19,12.172413793103448,10.620689655172415
117,20,10.8,10.433333333333334
117,22,10.9,10.2
117,23,10.566666666666666,12.1
