station_id,hour,lag_8h
1,0,17.413793103448278
1,1,10.39622641509434
1,2,10.907407407407407
1,3,16.923076923076923
1,4,18.91304347826087
1,5,18.203389830508474
1,6,16.633802816901408
1,7,16.472972972972972
1,8,15.0
1,9,15.732758620689655
1,10,17.80701754385965
1,11,20.081632653061224
1,12,21.39644970414201
1,13,22.68208092485549
1,14,24.581818181818182
1,15,24.63975155279503
1,16,23.96319018404908
1,17,23.955974842767297
1,18,23.69736842105263
1,19,23.123966942148762
1,20,23.0
1,21,21.61627906976744
1,22,20.9
1,23,19.53125
2,0,3.4237288135593222
2,1,4.133333333333334
2,2,4.6461538461538465
2,3,5.032258064516129
2,4,3.0476190476190474
2,5,3.683333333333333
2,6,4.1940298507462686
2,7,4.557377049180328
2,8,5.171428571428572
2,9,3.8956521739130436
2,10,2.2755905511811023
2,11,1.816326530612245
2,12,1.6927710843373494
2,13,2.4518072289156625
2,14,2.9685534591194966
2,15,2.700636942675159
2,16,2.238095238095238
2,17,2.210526315789474
2,18,2.032
2,19,2.1862745098039214
2,20,2.8536585365853657
2,21,2.9746835443037973
2,22,4.382352941176471
2,23,4.39622641509434
3,0,7.793103448275862
3,1,8.592105263157896
3,2,9.25609756097561
3,3,10.295454545454545
3,4,10.921052631578947
3,5,8.965909090909092
3,6,9.416666666666666
3,7,9.0990990990991
3,8,8.98235294117647
3,9,6.404371584699454
3,10,6.412087912087912
3,11,6.674157303370786
3,12,5.975757575757576
3,13,5.392638036809816
3,14,5.585987261146497
3,15,5.7481481481481485
3,16,5.837209302325581
3,17,5.726495726495727
3,18,6.867469879518072
3,19,5.8375
3,20,6.919354838709677
3,21,6.511627906976744
3,22,5.528301886792453
3,23,6.569230769230769
4,0,8.37007874015748
4,1,8.246031746031745
4,2,8.4
4,3,9.492537313432836
4,4,10.38888888888889
4,5,8.6015625
4,6,8.521739130434783
4,7,8.91715976331361
4,8,10.071428571428571
4,9,11.277173913043478
4,10,13.065934065934066
4,11,13.517441860465116
4,12,13.115853658536585
4,13,12.359712230215827
4,14,11.861386138613861
4,15,11.877551020408163
4,16,11.7
4,17,11.904109589041095
4,18,11.363636363636363
4,19,9.847826086956522
4,20,10.65
4,21,8.822222222222223
4,22,9.0
4,23,8.324074074074074
5,0,22.037593984962406
5,1,20.936507936507937
5,2,20.5390625
5,3,21.734265734265733
5,4,22.760233918128655
5,5,23.028089887640448
5,6,23.05056179775281
5,7,22.6878612716763
5,8,21.46242774566474
5,9,14.720238095238095
5,10,9.286713286713287
5,11,10.46551724137931
5,12,11.883720930232558
5,13,11.732758620689655
5,14,11.329896907216495
5,15,12.25
5,16,12.712962962962964
5,17,12.637096774193548
5,18,16.78832116788321
5,19,22.27857142857143
5,20,22.573426573426573
5,21,23.698529411764707
5,22,23.779411764705884
5,23,23.09375
6,0,9.159420289855072
6,1,7.1875
6,2,6.971014492753623
6,3,7.642857142857143
6,4,10.8
6,5,7.565217391304348
6,6,9.043478260869565
6,7,7.0
6,8,6.940298507462686
6,9,7.329113924050633
6,10,6.913043478260869
6,11,5.7622377622377625
6,12,6.08125
6,13,6.37125748502994
6,14,7.175757575757576
6,15,7.881656804733728
6,16,7.823529411764706
6,17,8.227272727272727
6,18,8.840277777777779
6,19,9.089108910891088
6,20,10.395348837209303
6,21,10.41095890410959
6,22,10.1125
6,23,9.566037735849056
7,0,6.526315789473684
7,1,6.610169491525424
7,2,6.560975609756097
7,3,6.2272727272727275
7,4,4.25
7,5,6.2105263157894735
7,6,6.553571428571429
7,7,6.358974358974359
7,8,4.7094017094017095
7,9,7.053030303030303
7,10,6.674846625766871
7,11,5.927272727272728
7,12,6.208588957055214
7,13,5.461038961038961
7,14,7.099337748344371
7,15,6.671328671328672
7,16,5.642335766423358
7,17,5.076923076923077
7,18,5.01980198019802
7,19,5.304878048780488
7,20,6.08955223880597
7,21,5.5625
7,22,5.75
7,23,4.28
8,0,16.72072072072072
8,1,17.348484848484848
8,2,17.97841726618705
8,3,16.551724137931036
8,4,11.95
8,5,15.541666666666666
8,6,17.112676056338028
8,7,16.65714285714286
8,8,17.602564102564102
8,9,16.331360946745562
8,10,15.028571428571428
8,11,12.104046242774567
8,12,11.642857142857142
8,13,11.826086956521738
8,14,13.582191780821917
8,15,14.674418604651162
8,16,12.5
8,17,12.683333333333334
8,18,15.914529914529915
8,19,15.952941176470588
8,20,16.55223880597015
8,21,17.573170731707318
8,22,17.842105263157894
8,23,16.613333333333333
9,0,12.256944444444445
9,1,8.380952380952381
9,2,8.08860759493671
9,3,8.474358974358974
9,4,9.018181818181818
9,5,8.057851239669422
9,6,6.741176470588235
9,7,7.222222222222222
9,8,8.765027322404372
9,9,9.737430167597765
9,10,12.93063583815029
9,11,13.833333333333334
9,12,16.257861635220127
9,13,17.766666666666666
9,14,17.253623188405797
9,15,17.1484375
9,16,17.06611570247934
9,17,16.182539682539684
9,18,18.766129032258064
9,19,19.24390243902439
9,20,17.582608695652173
9,21,18.048076923076923
9,22,17.671875
9,23,15.181818181818182
10,0,13.338235294117647
10,1,12.633587786259541
10,2,12.775510204081632
10,3,12.796296296296296
10,4,12.385542168674698
10,5,12.272222222222222
10,6,12.23463687150838
10,7,11.893258426966293
10,8,11.567415730337078
10,9,11.867816091954023
10,10,11.680473372781066
10,11,13.006802721088436
10,12,12.669421487603305
10,13,13.036585365853659
10,14,12.602564102564102
10,15,13.05952380952381
10,16,13.024691358024691
10,17,12.666666666666666
10,18,12.794520547945206
10,19,13.186666666666667
10,20,13.815217391304348
10,21,14.2015503875969
10,22,13.976923076923077
10,23,13.488549618320612
11,0,10.40625
11,1,8.477272727272727
11,2,8.46808510638298
11,3,14.5
11,4,23.0
11,5,14.625
11,6,14.036363636363637
11,7,11.354166666666666
11,8,8.425
11,9,8.808510638297872
11,10,13.864864864864865
11,11,16.424242424242426
11,12,19.175675675675677
11,13,19.641975308641975
11,14,18.846625766871167
11,15,18.451807228915662
11,16,18.716867469879517
11,17,18.15204678362573
11,18,16.238709677419354
11,19,14.418803418803419
11,20,13.484536082474227
11,21,10.946666666666667
11,22,8.920634920634921
11,23,9.25531914893617
12,0,2.764705882352941
12,1,4.2592592592592595
12,2,2.86
12,3,4.357142857142857
12,4,5.222222222222222
12,5,4.224489795918367
12,6,6.545454545454546
12,7,5.044444444444444
12,8,4.592105263157895
12,9,3.506666666666667
12,10,3.3359375
12,11,2.7468354430379747
12,12,2.413173652694611
12,13,2.4491017964071857
12,14,1.9349112426035502
12,15,1.744047619047619
12,16,1.5208333333333333
12,17,1.8776978417266188
12,18,2.2446043165467624
12,19,2.888888888888889
12,20,3.1278195488721803
12,21,3.4615384615384617
12,22,3.8703703703703702
12,23,2.861111111111111
13,0,10.209876543209877
13,1,9.166666666666666
13,2,8.538461538461538
13,3,11.55
13,4,12.214285714285714
13,5,10.305084745762711
13,6,12.3
13,7,11.826923076923077
13,8,10.755244755244755
13,9,11.12280701754386
13,10,12.89655172413793
13,11,14.149425287356323
13,12,14.511904761904763
13,13,14.71951219512195
13,14,15.552631578947368
13,15,15.818897637795276
13,16,15.682926829268293
13,17,15.614173228346457
13,18,15.046296296296296
13,19,13.78048780487805
13,20,11.69811320754717
13,21,10.879310344827585
13,22,7.409090909090909
13,23,10.521739130434783
14,0,21.216216216216218
14,1,17.281553398058254
14,2,16.36
14,3,18.575757575757574
14,4,20.12280701754386
14,5,17.947674418604652
14,6,18.010752688172044
14,7,15.650537634408602
14,8,16.13978494623656
14,9,16.864864864864863
14,10,17.61413043478261
14,11,19.229508196721312
14,12,20.114285714285714
14,13,21.152941176470588
14,14,21.136986301369863
14,15,21.298387096774192
14,16,20.173076923076923
14,17,18.264150943396228
14,18,19.554455445544555
14,19,22.80597014925373
14,20,23.83116883116883
14,21,24.50793650793651
14,22,25.454545454545453
14,23,23.936936936936938
15,0,2.512396694214876
15,1,3.5344827586206895
15,2,4.3
15,3,3.7737226277372264
15,4,3.670807453416149
15,5,3.772727272727273
15,6,3.8351648351648353
15,7,3.206896551724138
15,8,2.0828402366863905
15,9,1.7419354838709677
15,10,1.3533333333333333
15,11,1.1875
15,12,0.8387096774193549
15,13,0.782608695652174
15,14,0.9342105263157895
15,15,1.1132075471698113
15,16,1.098360655737705
15,17,1.2692307692307692
15,18,1.2962962962962963
15,19,1.2363636363636363
15,20,1.728813559322034
15,21,1.5569620253164558
15,22,1.5822784810126582
15,23,1.8990825688073394
16,0,10.654761904761905
16,1,12.037037037037036
16,2,13.869565217391305
16,3,13.19047619047619
16,4,13.266666666666667
16,5,13.257142857142858
16,6,12.515151515151516
16,7,12.510204081632653
16,8,12.38888888888889
16,9,12.072463768115941
16,10,10.082191780821917
16,11,12.094736842105263
16,12,11.03448275862069
16,13,11.448529411764707
16,14,10.223684210526315
16,15,10.982248520710058
16,16,10.436046511627907
16,17,11.027624309392266
16,18,11.641975308641975
16,19,11.656
16,20,12.218181818181819
16,21,12.12037037037037
16,22,11.229166666666666
16,23,10.070588235294117
17,0,7.855072463768116
17,1,6.984375
17,2,8.285714285714286
17,3,8.051282051282051
17,4,8.38888888888889
17,5,8.607142857142858
17,6,7.417910447761194
17,7,9.307692307692308
17,8,8.923076923076923
17,9,9.201492537313433
17,10,7.9941176470588236
17,11,8.575418994413408
17,12,8.68235294117647
17,13,9.23391812865497
17,14,9.934911242603551
17,15,9.86875
17,16,9.554794520547945
17,17,8.448529411764707
17,18,8.741935483870968
17,19,8.63
17,20,8.293333333333333
17,21,6.468085106382978
17,22,6.580645161290323
17,23,8.17142857142857
18,0,14.278260869565218
18,1,15.0561797752809
18,2,14.821782178217822
18,3,13.839285714285714
18,4,14.725
18,5,15.74390243902439
18,6,15.135416666666666
18,7,14.13103448275862
18,8,14.0920245398773
18,9,13.221621621621622
18,10,8.853260869565217
18,11,6.76536312849162
18,12,7.529761904761905
18,13,7.261146496815287
18,14,7.305343511450381
18,15,7.062015503875969
18,16,6.444444444444445
18,17,7.623287671232877
18,18,7.454545454545454
18,19,8.285714285714286
18,20,10.325842696629213
18,21,12.76388888888889
18,22,14.54945054945055
18,23,14.66326530612245
19,0,4.984962406015038
19,1,3.9669421487603307
19,2,4.547008547008547
19,3,5.735294117647059
19,4,5.615384615384615
19,5,4.452830188679245
19,6,4.28
19,7,4.28021978021978
19,8,4.933701657458563
19,9,8.815642458100559
19,10,14.488505747126437
19,11,16.952095808383234
19,12,17.60248447204969
19,13,17.54140127388535
19,14,17.402985074626866
19,15,17.471153846153847
19,16,18.864406779661017
19,17,18.787401574803148
19,18,13.19047619047619
19,19,8.223214285714286
19,20,6.418367346938775
19,21,6.852941176470588
19,22,6.036697247706422
19,23,5.714285714285714
20,0,2.5783132530120483
20,1,1.793103448275862
20,2,1.25
20,3,2.1552795031055902
20,4,1.9714285714285715
20,5,1.9
20,6,1.9668508287292819
20,7,2.6353591160220993
20,8,4.956284153005464
20,9,8.348571428571429
20,10,12.751412429378531
20,11,13.741379310344827
20,12,13.641975308641975
20,13,12.456521739130435
20,14,14.112244897959183
20,15,16.38235294117647
20,16,17.650793650793652
20,17,13.033333333333333
20,18,8.58974358974359
20,19,9.89655172413793
20,20,4.25
20,21,3.1315789473684212
20,22,1.5416666666666667
20,23,1.2452830188679245
21,0,15.318840579710145
21,1,12.162162162162161
21,2,13.657534246575343
21,3,9.86111111111111
21,4,20.666666666666668
21,5,11.952380952380953
21,6,13.233333333333333
21,7,11.216216216216216
21,8,10.863013698630137
21,9,10.0
21,10,12.591397849462366
21,11,15.13103448275862
21,12,16.952095808383234
21,13,18.842105263157894
21,14,20.71264367816092
21,15,19.259887005649716
21,16,18.184971098265898
21,17,18.546511627906977
21,18,18.342105263157894
21,19,18.073170731707318
21,20,20.07608695652174
21,21,19.246376811594203
21,22,18.0
21,23,17.346153846153847
22,0,10.72972972972973
22,1,7.796296296296297
22,2,10.204819277108435
22,3,11.382352941176471
22,4,16.071428571428573
22,5,12.051282051282051
22,6,10.764705882352942
22,7,10.877551020408163
22,8,10.948717948717949
22,9,11.855263157894736
22,10,11.311377245508982
22,11,11.107954545454545
22,12,10.878612716763005
22,13,11.306818181818182
22,14,11.47191011235955
22,15,11.488372093023257
22,16,12.128205128205128
22,17,11.642857142857142
22,18,13.793388429752065
22,19,14.541284403669724
22,20,14.916666666666666
22,21,14.765625
22,22,13.767857142857142
22,23,13.075757575757576
23,0,24.028301886792452
23,1,23.47422680412371
23,2,23.192307692307693
23,3,22.640625
23,4,21.933333333333334
23,5,23.04901960784314
23,6,23.074766355140188
23,7,19.514285714285716
23,8,16.46511627906977
23,9,16.289017341040463
23,10,15.10897435897436
23,11,14.925925925925926
23,12,15.90967741935484
23,13,17.071428571428573
23,14,16.51851851851852
23,15,16.977099236641223
23,16,15.608695652173912
23,17,17.30534351145038
23,18,19.333333333333332
23,19,22.55056179775281
23,20,23.949367088607595
23,21,25.6
23,22,24.761904761904763
23,23,24.454545454545453
24,0,10.694656488549619
24,1,10.21875
24,2,10.45
24,3,11.014925373134329
24,4,11.18
24,5,10.311258278145695
24,6,9.884848484848485
24,7,9.85
24,8,9.713483146067416
24,9,9.737430167597765
24,10,10.825842696629213
24,11,9.798850574712644
24,12,8.609756097560975
24,13,9.094202898550725
24,14,8.727272727272727
24,15,9.221238938053098
24,16,10.823008849557523
24,17,12.118181818181819
24,18,12.952380952380953
24,19,13.393939393939394
24,20,14.325581395348838
24,21,12.359223300970873
24,22,11.570247933884298
24,23,11.178861788617887
25,0,9.535714285714286
25,1,9.101694915254237
25,2,8.967479674796747
25,3,8.421875
25,4,7.922580645161291
25,5,7.962365591397849
25,6,7.9837837837837835
25,7,8.161111111111111
25,8,8.851428571428572
25,9,10.576470588235294
25,10,14.52694610778443
25,11,16.891156462585034
25,12,16.553030303030305
25,13,15.825242718446601
25,14,16.693548387096776
25,15,15.65
25,16,20.388059701492537
25,17,20.353846153846153
25,18,19.3
25,19,15.32
25,20,12.661538461538461
25,21,10.448717948717949
25,22,9.3375
25,23,10.1010101010101
26,0,12.08695652173913
26,1,6.579710144927536
26,2,6.171052631578948
26,3,7.90625
26,4,7.933333333333334
26,5,7.206896551724138
26,6,4.615384615384615
26,7,5.492753623188406
26,8,6.2745098039215685
26,9,7.4495412844036695
26,10,10.73228346456693
26,11,13.229166666666666
26,12,13.387096774193548
26,13,13.828947368421053
26,14,15.045751633986928
26,15,15.545454545454545
26,16,16.070063694267517
26,17,16.417721518987342
26,18,15.908396946564885
26,19,15.571428571428571
26,20,15.11340206185567
26,21,15.325842696629213
26,22,14.554347826086957
26,23,14.647727272727273
27,0,10.183908045977011
27,1,5.449275362318841
27,2,5.8522727272727275
27,3,5.795918367346939
27,4,4.833333333333333
27,5,7.0
27,6,5.377358490566038
27,7,5.405063291139241
27,8,6.201680672268908
27,9,8.08148148148148
27,10,11.291390728476822
27,11,13.018292682926829
27,12,14.67816091954023
27,13,16.10169491525424
27,14,16.35542168674699
27,15,15.570588235294117
27,16,15.596153846153847
27,17,16.34375
27,18,15.035714285714286
27,19,14.216
27,20,14.736842105263158
27,21,14.205128205128204
27,22,13.569767441860465
27,23,11.390625
28,0,12.49056603773585
28,1,13.764705882352942
28,2,14.117647058823529
28,3,14.430379746835444
28,4,16.07936507936508
28,5,14.731958762886597
28,6,14.771739130434783
28,7,12.77536231884058
28,8,12.7875
28,9,11.057803468208093
28,10,9.368421052631579
28,11,7.8
28,12,8.10204081632653
28,13,7.652482269503546
28,14,6.927007299270073
28,15,7.689655172413793
28,16,7.7075471698113205
28,17,8.679245283018869
28,18,9.775510204081632
28,19,7.962025316455696
28,20,8.24
28,21,10.070422535211268
28,22,9.987012987012987
28,23,10.425287356321839
29,0,20.50381679389313
29,1,19.0
29,2,18.386206896551723
29,3,18.839506172839506
29,4,19.949152542372882
29,5,19.22429906542056
29,6,18.56875
29,7,18.83139534883721
29,8,17.649717514124294
29,9,16.609467455621303
29,10,16.40625
29,11,16.259493670886076
29,12,16.4
29,13,16.97826086956522
29,14,17.644927536231883
29,15,18.725490196078432
29,16,19.638297872340427
29,17,17.473684210526315
29,18,18.60576923076923
29,19,18.623655913978496
29,20,18.90909090909091
29,21,19.949494949494948
29,22,21.57894736842105
29,23,21.74137931034483
30,0,2.3805309734513274
30,1,2.082474226804124
30,2,2.2823529411764705
30,3,1.6875
30,4,1.4125
30,5,1.6603773584905661
30,6,1.8287671232876712
30,7,2.021276595744681
30,8,1.9758064516129032
30,9,2.330578512396694
30,10,3.2065217391304346
30,11,3.6222222222222222
30,12,2.6363636363636362
30,13,2.4761904761904763
30,14,2.533333333333333
30,15,3.473684210526316
30,16,3.824561403508772
30,17,3.272727272727273
30,18,3.4545454545454546
30,19,2.595505617977528
30,20,2.8295454545454546
30,21,2.787037037037037
30,22,2.5636363636363635
30,23,2.419047619047619
31,0,11.674157303370787
31,1,11.403846153846153
31,2,9.78688524590164
31,3,9.172413793103448
31,4,8.055555555555555
31,5,9.264705882352942
31,6,8.984375
31,7,9.093333333333334
31,8,10.506493506493506
31,9,9.560747663551401
31,10,9.009615384615385
31,11,8.412213740458014
31,12,8.736486486486486
31,13,9.221476510067115
31,14,11.314465408805031
31,15,11.75
31,16,11.236024844720497
31,17,11.216049382716049
31,18,11.316770186335404
31,19,12.075471698113208
31,20,11.852941176470589
31,21,11.486725663716815
31,22,12.11340206185567
31,23,13.05
32,0,16.10989010989011
32,1,13.987654320987655
32,2,14.589473684210526
32,3,15.117647058823529
32,4,14.384615384615385
32,5,15.326086956521738
32,6,15.295454545454545
32,7,13.69620253164557
32,8,14.045454545454545
32,9,14.692307692307692
32,10,14.54054054054054
32,11,15.994117647058824
32,12,17.24137931034483
32,13,17.581920903954803
32,14,18.065868263473053
32,15,17.623456790123456
32,16,16.42138364779874
32,17,16.848920863309353
32,18,17.928571428571427
32,19,19.392857142857142
32,20,18.68041237113402
32,21,18.904761904761905
32,22,18.42105263157895
32,23,17.441558441558442
33,0,13.274193548387096
33,1,12.556521739130435
33,2,12.30327868852459
33,3,11.059701492537313
33,4,8.428571428571429
33,5,10.93939393939394
33,6,10.952380952380953
33,7,11.163934426229508
33,8,12.273255813953488
33,9,12.152173913043478
33,10,13.231182795698924
33,11,14.46448087431694
33,12,14.101123595505618
33,13,14.046242774566474
33,14,15.69811320754717
33,15,15.285714285714286
33,16,15.770833333333334
33,17,15.068027210884354
33,18,15.278688524590164
33,19,15.37962962962963
33,20,15.855263157894736
33,21,17.119565217391305
33,22,16.028846153846153
33,23,14.2991452991453
34,0,17.233009708737864
34,1,16.209302325581394
34,2,14.742268041237113
34,3,15.088235294117647
34,4,15.0
34,5,18.033898305084747
34,6,20.375
34,7,18.243697478991596
34,8,15.811688311688311
34,9,10.613259668508288
34,10,6.836956521739131
34,11,8.598901098901099
34,12,8.40677966101695
34,13,7.075
34,14,6.973333333333334
34,15,7.696774193548387
34,16,8.03921568627451
34,17,8.682119205298013
34,18,9.907563025210084
34,19,13.08
34,20,15.778947368421052
34,21,19.666666666666668
34,22,19.03448275862069
34,23,18.329787234042552
35,0,13.7109375
35,1,14.27027027027027
35,2,14.856164383561644
35,3,15.096969696969698
35,4,15.821428571428571
35,5,15.970059880239521
35,6,16.284848484848485
35,7,16.514792899408285
35,8,15.346368715083798
35,9,15.397790055248619
35,10,14.833333333333334
35,11,12.522988505747126
35,12,12.170068027210885
35,13,10.915966386554622
35,14,8.902173913043478
35,15,9.777777777777779
35,16,9.494117647058824
35,17,7.90990990990991
35,18,8.833333333333334
35,19,10.2
35,20,10.08108108108108
35,21,10.443037974683545
35,22,11.770114942528735
35,23,13.154639175257731
36,0,16.10377358490566
36,1,13.5
36,2,13.542168674698795
36,3,14.805555555555555
36,4,16.142857142857142
36,5,13.150943396226415
36,6,12.041666666666666
36,7,12.91025641025641
36,8,13.028846153846153
36,9,14.03883495145631
36,10,17.411214953271028
36,11,18.938356164383563
36,12,20.809859154929576
36,13,21.17763157894737
36,14,21.618055555555557
36,15,21.623287671232877
36,16,21.235294117647058
36,17,20.932098765432098
36,18,18.643356643356643
36,19,18.264150943396228
36,20,18.042105263157893
36,21,18.66
36,22,18.22
36,23,17.155555555555555
37,0,12.157894736842104
37,1,9.290322580645162
37,2,6.333333333333333
37,3,12.037037037037036
37,4,14.428571428571429
37,5,12.255813953488373
37,6,14.714285714285714
37,7,12.875
37,8,12.472727272727273
37,9,11.10989010989011
37,10,12.177304964539006
37,11,11.893258426966293
37,12,12.38150289017341
37,13,11.982248520710058
37,14,12.238095238095237
37,15,12.618181818181819
37,16,12.8
37,17,12.738095238095237
37,18,13.24113475177305
37,19,12.862068965517242
37,20,12.571428571428571
37,21,11.703703703703704
37,22,10.020833333333334
37,23,10.416666666666666
38,0,28.637795275590552
38,1,28.417391304347827
38,2,27.881818181818183
38,3,29.34722222222222
38,4,30.333333333333332
38,5,27.938271604938272
38,6,28.410526315789475
38,7,29.23972602739726
38,8,28.178807947019866
38,9,27.05521472392638
38,10,25.88535031847134
38,11,24.48148148148148
38,12,23.70967741935484
38,13,24.201342281879196
38,14,25.2
38,15,25.429752066115704
38,16,25.016129032258064
38,17,24.289473684210527
38,18,25.862595419847327
38,19,28.423728813559322
38,20,29.327102803738317
38,21,29.161016949152543
38,22,28.256637168141594
38,23,29.571428571428573
39,0,5.7
39,1,6.412280701754386
39,2,6.661157024793388
39,3,6.84
39,4,7.275
39,5,5.779816513761468
39,6,6.126666666666667
39,7,6.076086956521739
39,8,6.60752688172043
39,9,4.3076923076923075
39,10,3.480874316939891
39,11,3.5762711864406778
39,12,3.505813953488372
39,13,4.044444444444444
39,14,3.888888888888889
39,15,4.102564102564102
39,16,4.702702702702703
39,17,4.184873949579832
39,18,4.108910891089109
39,19,3.7901234567901234
39,20,5.397260273972603
39,21,5.136363636363637
39,22,4.673267326732673
39,23,5.035714285714286
40,0,9.73758865248227
40,1,9.144927536231885
40,2,8.666666666666666
40,3,9.594405594405595
40,4,9.685897435897436
40,5,9.51123595505618
40,6,9.245508982035927
40,7,9.676829268292684
40,8,11.10909090909091
40,9,12.55
40,10,13.841772151898734
40,11,15.277372262773723
40,12,14.59504132231405
40,13,14.26605504587156
40,14,14.259615384615385
40,15,14.35632183908046
40,16,14.010526315789473
40,17,13.008264462809917
40,18,13.322033898305085
40,19,14.353982300884956
40,20,13.865079365079366
40,21,12.75
40,22,12.405797101449275
40,23,11.564885496183207
41,0,5.262295081967213
41,1,8.147058823529411
41,2,6.815789473684211
41,3,6.111111111111111
41,4,17.0
41,5,6.923076923076923
41,6,6.4
41,7,5.62962962962963
41,8,6.4
41,9,6.116666666666666
41,10,6.555555555555555
41,11,5.811881188118812
41,12,4.062111801242236
41,13,3.2208588957055215
41,14,3.5632183908045976
41,15,4.242937853107344
41,16,3.9257142857142857
41,17,3.6830601092896176
41,18,3.6983240223463687
41,19,2.938775510204082
41,20,2.9285714285714284
41,21,3.2278481012658227
41,22,4.956521739130435
41,23,5.4523809523809526
42,0,14.56043956043956
42,1,15.235955056179776
42,2,14.388349514563107
42,3,12.9375
42,4,9.26086956521739
42,5,14.736842105263158
42,6,12.879310344827585
42,7,15.571428571428571
42,8,15.532786885245901
42,9,14.40268456375839
42,10,11.920529801324504
42,11,10.863354037267081
42,12,10.903846153846153
42,13,9.850931677018634
42,14,8.564102564102564
42,15,8.02
42,16,6.947761194029851
42,17,6.9928057553956835
42,18,8.0
42,19,10.2
42,20,10.673076923076923
42,21,11.28888888888889
42,22,14.89041095890411
42,23,15.393939393939394
43,0,17.375
43,1,18.776699029126213
43,2,18.80909090909091
43,3,19.75
43,4,18.974358974358974
43,5,18.328767123287673
43,6,19.13095238095238
43,7,18.464912280701753
43,8,15.244318181818182
43,9,10.421965317919074
43,10,5.752873563218391
43,11,5.443786982248521
43,12,5.931677018633541
43,13,7.189873417721519
43,14,7.438356164383562
43,15,6.708955223880597
43,16,6.655172413793103
43,17,5.943089430894309
43,18,7.730769230769231
43,19,9.0
43,20,14.928571428571429
43,21,19.660714285714285
43,22,17.565217391304348
43,23,19.301369863013697
44,0,8.428571428571429
44,1,9.525
44,2,9.866141732283465
44,3,9.31578947368421
44,4,7.760869565217392
44,5,9.592
44,6,9.73758865248227
44,7,9.512195121951219
44,8,7.459302325581396
44,9,5.068965517241379
44,10,2.401129943502825
44,11,2.2046783625730995
44,12,1.0723684210526316
44,13,1.3410852713178294
44,14,2.2872340425531914
44,15,3.8461538461538463
44,16,3.8444444444444446
44,17,4.511111111111111
44,18,4.511904761904762
44,19,4.975
44,20,5.2898550724637685
44,21,5.95
44,22,6.811111111111111
44,23,7.095238095238095
45,0,14.666666666666666
45,1,16.165354330708663
45,2,17.138686131386862
45,3,16.33812949640288
45,4,16.69178082191781
45,5,16.72159090909091
45,6,16.661016949152543
45,7,16.063218390804597
45,8,15.275862068965518
45,9,13.815028901734104
45,10,11.175
45,11,11.434482758620689
45,12,9.771186440677965
45,13,10.618181818181819
45,14,8.466666666666667
45,15,7.507462686567164
45,16,7.083333333333333
45,17,8.138461538461538
45,18,11.545454545454545
45,19,11.857142857142858
45,20,13.293103448275861
45,21,13.671641791044776
45,22,14.0
45,23,14.116279069767442
47,0,2.622950819672131
47,1,1.054054054054054
47,2,0.8695652173913043
47,3,1.394736842105263
47,4,1.0263157894736843
47,5,2.0
47,6,1.711111111111111
47,7,2.2241379310344827
47,8,2.357142857142857
47,9,2.434108527131783
47,10,4.379310344827586
47,11,6.449704142011834
47,12,7.236363636363636
47,13,7.2625
47,14,7.603896103896104
47,15,7.918367346938775
47,16,7.153846153846154
47,17,8.290076335877863
47,18,8.36448598130841
47,19,4.659574468085107
47,20,3.2948717948717947
47,21,2.8059701492537314
47,22,4.859375
47,23,3.5681818181818183
48,0,16.810526315789474
48,1,15.8375
48,2,16.03448275862069
48,3,16.982142857142858
48,4,19.48
48,5,16.9
48,6,17.62162162162162
48,7,16.980198019801982
48,8,17.7593984962406
48,9,15.251533742331288
48,10,14.948863636363637
48,11,14.468208092485549
48,12,14.119496855345911
48,13,13.51592356687898
48,14,13.273381294964029
48,15,13.15267175572519
48,16,13.242424242424242
48,17,12.564285714285715
48,18,12.433333333333334
48,19,13.711538461538462
48,20,13.402439024390244
48,21,12.928571428571429
48,22,15.981132075471699
48,23,17.106060606060606
49,0,22.359154929577464
49,1,22.424657534246574
49,2,23.27922077922078
49,3,23.229885057471265
49,4,25.393939393939394
49,5,23.635593220338983
49,6,24.115606936416185
49,7,23.417582417582416
49,8,21.737704918032787
49,9,19.956521739130434
49,10,23.46961325966851
49,11,24.502857142857142
49,12,23.931972789115648
49,13,23.38135593220339
49,14,23.01818181818182
49,15,23.26923076923077
49,16,22.415841584158414
49,17,23.582608695652173
49,18,26.901960784313726
49,19,24.185567010309278
49,20,21.03409090909091
49,21,21.0
49,22,22.419642857142858
49,23,21.524590163934427
50,0,12.46103896103896
50,1,13.520547945205479
50,2,13.805369127516778
50,3,13.702702702702704
50,4,14.286713286713287
50,5,13.80232558139535
50,6,13.828402366863905
50,7,12.846625766871165
50,8,11.56969696969697
50,9,8.409638554216867
50,10,4.115107913669065
50,11,3.47244094488189
50,12,3.935483870967742
50,13,3.5853658536585367
50,14,3.112676056338028
50,15,2.9210526315789473
50,16,2.792207792207792
50,17,2.7454545454545456
50,18,4.610619469026549
50,19,6.869565217391305
50,20,8.385826771653543
50,21,9.840277777777779
50,22,10.664473684210526
50,23,11.864864864864865
51,0,0.0
51,1,0.0
51,2,0.0
51,3,0.0
51,4,0.0
51,5,0.0
51,6,0.0
51,7,0.0
51,8,0.0
51,9,0.0
51,10,0.0
51,11,0.0
51,12,0.0
51,13,0.0
51,14,0.0
51,15,0.0
51,16,0.0
51,17,0.0
51,18,0.0
51,19,0.0
51,20,0.0
51,21,0.0
51,22,0.0
51,23,0.0
52,0,17.6
52,1,16.48148148148148
52,2,16.53061224489796
52,3,18.40909090909091
52,4,20.8
52,5,18.9811320754717
52,6,17.56896551724138
52,7,16.563218390804597
52,8,15.938775510204081
52,9,16.60810810810811
52,10,18.33112582781457
52,11,20.61744966442953
52,12,19.993865030674847
52,13,19.880239520958085
52,14,20.975609756097562
52,15,21.93548387096774
52,16,21.945205479452056
52,17,20.77310924369748
52,18,21.24770642201835
52,19,20.584158415841586
52,20,19.105263157894736
52,21,20.070588235294117
52,22,19.279411764705884
52,23,18.705128205128204
53,0,10.76923076923077
53,1,10.478260869565217
53,2,9.63265306122449
53,3,10.60377358490566
53,4,11.066666666666666
53,5,11.81159420289855
53,6,11.380952380952381
53,7,11.720930232558139
53,8,11.73913043478261
53,9,12.269461077844312
53,10,14.006060606060606
53,11,15.69032258064516
53,12,15.471830985915492
53,13,15.447552447552448
53,14,15.859154929577464
53,15,16.01492537313433
53,16,16.08695652173913
53,17,16.168067226890756
53,18,16.652173913043477
53,19,13.74025974025974
53,20,12.11320754716981
53,21,9.954545454545455
53,22,10.534883720930232
53,23,9.404761904761905
54,0,11.727272727272727
54,1,12.290697674418604
54,2,12.22680412371134
54,3,11.537313432835822
54,4,11.359375
54,5,11.463414634146341
54,6,11.845588235294118
54,7,12.030674846625766
54,8,12.339080459770114
54,9,12.96951219512195
54,10,15.215189873417721
54,11,16.24342105263158
54,12,16.284671532846716
54,13,15.80916030534351
54,14,14.74561403508772
54,15,14.09
54,16,14.46938775510204
54,17,15.247191011235955
54,18,14.602941176470589
54,19,14.938775510204081
54,20,13.05
54,21,13.108695652173912
54,22,11.602941176470589
54,23,11.679012345679013
55,0,4.672566371681416
55,1,4.3061224489795915
55,2,5.103448275862069
55,3,4.902777777777778
55,4,5.108433734939759
55,5,4.895604395604396
55,6,4.866666666666666
55,7,4.9209039548022595
55,8,5.293785310734464
55,9,6.664804469273743
55,10,9.708333333333334
55,11,11.416107382550335
55,12,11.333333333333334
55,13,11.817391304347826
55,14,11.033333333333333
55,15,10.89655172413793
55,16,12.056603773584905
55,17,13.07843137254902
55,18,11.972972972972974
55,19,6.384615384615385
55,20,3.4583333333333335
55,21,3.0793650793650795
55,22,2.25
55,23,4.1521739130434785
56,0,13.156862745098039
56,1,11.76
56,2,12.877551020408163
56,3,12.772727272727273
56,4,15.647058823529411
56,5,15.46
56,6,15.333333333333334
56,7,14.236842105263158
56,8,14.01923076923077
56,9,15.486725663716815
56,10,19.345794392523363
56,11,23.65289256198347
56,12,22.39097744360902
56,13,22.024390243902438
56,14,20.07017543859649
56,15,20.38953488372093
56,16,20.715976331360945
56,17,20.449101796407184
56,18,16.538961038961038
56,19,14.242857142857142
56,20,13.411764705882353
56,21,12.89247311827957
56,22,13.854368932038835
56,23,12.452631578947368
57,0,10.338028169014084
57,1,9.297297297297296
57,2,11.444444444444445
57,3,8.741935483870968
57,4,8.55
57,5,8.829787234042554
57,6,9.911111111111111
57,7,9.162162162162161
57,8,8.695652173913043
57,9,9.25
57,10,10.233082706766917
57,11,11.496774193548386
57,12,11.608695652173912
57,13,11.053571428571429
57,14,10.402439024390244
57,15,11.024096385542169
57,16,11.092592592592593
57,17,11.108108108108109
57,18,10.778625954198473
57,19,9.871794871794872
57,20,10.524271844660195
57,21,10.602150537634408
57,22,11.202702702702704
57,23,11.446153846153846
58,0,17.45378151260504
58,1,16.471698113207548
58,2,17.02803738317757
58,3,18.904761904761905
58,4,18.214285714285715
58,5,18.363636363636363
58,6,17.62295081967213
58,7,18.721212121212123
58,8,22.857988165680474
58,9,23.6123595505618
58,10,27.066666666666666
58,11,27.815028901734102
58,12,27.407185628742514
58,13,25.90714285714286
58,14,26.684615384615384
58,15,26.53913043478261
58,16,28.428571428571427
58,17,26.55639097744361
58,18,22.072580645161292
58,19,18.915966386554622
58,20,17.306306306306308
58,21,14.32
58,22,13.544554455445544
58,23,15.991379310344827
59,0,1.487603305785124
59,1,1.6833333333333333
59,2,2.2363636363636363
59,3,1.704225352112676
59,4,1.1724137931034482
59,5,1.6575342465753424
59,6,1.8133333333333332
59,7,1.5632183908045978
59,8,1.2329545454545454
59,9,1.1796407185628743
59,10,2.251572327044025
59,11,2.8085106382978724
59,12,2.2074074074074073
59,13,1.4907407407407407
59,14,1.1111111111111112
59,15,1.2253521126760563
59,16,1.1451612903225807
59,17,0.9454545454545454
59,18,0.5116279069767442
59,19,0.85
59,20,1.3409090909090908
59,21,1.1578947368421053
59,22,1.7088607594936709
59,23,1.2747252747252746
60,0,12.715384615384615
60,1,14.953488372093023
60,2,15.212765957446809
60,3,15.178343949044587
60,4,15.908536585365853
60,5,15.935483870967742
60,6,15.722826086956522
60,7,14.451612903225806
60,8,12.764367816091953
60,9,10.666666666666666
60,10,6.910344827586207
60,11,6.25
60,12,5.7368421052631575
60,13,5.933333333333334
60,14,5.466666666666667
60,15,3.8313253012048194
60,16,4.4523809523809526
60,17,5.534653465346534
60,18,4.886363636363637
60,19,6.4646464646464645
60,20,7.082474226804123
60,21,8.828282828282829
60,22,10.307017543859649
60,23,11.084745762711865
61,0,2.55045871559633
61,1,2.727272727272727
61,2,3.2753623188405796
61,3,4.548387096774194
61,4,7.444444444444445
61,5,4.066666666666666
61,6,4.277777777777778
61,7,4.246153846153846
61,8,4.625
61,9,5.258823529411765
61,10,6.586206896551724
61,11,6.010526315789473
61,12,4.217821782178218
61,13,4.009345794392523
61,14,3.328125
61,15,3.3959731543624163
61,16,2.2857142857142856
61,17,2.8544303797468356
61,18,1.904109589041096
61,19,1.5284552845528456
61,20,2.1130434782608694
61,21,2.9237288135593222
61,22,2.635593220338983
61,23,2.4655172413793105
62,0,14.619718309859154
62,1,14.75
62,2,14.328358208955224
62,3,15.702702702702704
62,4,17.1875
62,5,14.955555555555556
62,6,15.486486486486486
62,7,12.736842105263158
62,8,14.224137931034482
62,9,16.04255319148936
62,10,17.67105263157895
62,11,20.24561403508772
62,12,19.741573033707866
62,13,19.466666666666665
62,14,19.592178770949722
62,15,19.232142857142858
62,16,19.796296296296298
62,17,21.103896103896105
62,18,19.507575757575758
62,19,16.896551724137932
62,20,15.127906976744185
62,21,14.662162162162161
62,22,14.013513513513514
62,23,13.971014492753623
63,0,19.744897959183675
63,1,18.727272727272727
63,2,17.658536585365855
63,3,18.390243902439025
63,4,19.1
63,5,17.571428571428573
63,6,17.455696202531644
63,7,16.939655172413794
63,8,17.85333333333333
63,9,18.716763005780347
63,10,18.016574585635357
63,11,18.513812154696133
63,12,19.098837209302324
63,13,19.08187134502924
63,14,18.788819875776397
63,15,19.375
63,16,19.669565217391305
63,17,20.920353982300885
63,18,20.495412844036696
63,19,21.129411764705882
63,20,21.614035087719298
63,21,21.94
63,22,21.208333333333332
63,23,20.940298507462686
64,0,24.956521739130434
64,1,25.857142857142858
64,2,26.307142857142857
64,3,24.047619047619047
64,4,23.719298245614034
64,5,24.260563380281692
64,6,23.82
64,7,21.941860465116278
64,8,19.166666666666668
64,9,16.264367816091955
64,10,16.75595238095238
64,11,18.932098765432098
64,12,19.30188679245283
64,13,18.282758620689656
64,14,16.66990291262136
64,15,16.03614457831325
64,16,16.14457831325301
64,17,18.473684210526315
64,18,18.84375
64,19,19.630434782608695
64,20,20.026666666666667
64,21,21.9
64,22,23.247311827956988
64,23,24.669642857142858
65,0,6.354330708661418
65,1,8.222222222222221
65,2,8.25
65,3,7.465753424657534
65,4,7.5125
65,5,7.666666666666667
65,6,7.6187845303867405
65,7,7.677777777777778
65,8,7.921348314606742
65,9,10.457142857142857
65,10,17.936305732484076
65,11,19.631205673758867
65,12,19.23134328358209
65,13,20.10810810810811
65,14,18.01298701298701
65,15,19.583333333333332
65,16,21.835443037974684
65,17,20.21875
65,18,11.314606741573034
65,19,4.681818181818182
65,20,4.440860215053763
65,21,3.688888888888889
65,22,5.131578947368421
65,23,4.926829268292683
66,0,8.184782608695652
66,1,9.297872340425531
66,2,7.784313725490196
66,3,8.7
66,4,11.121951219512194
66,5,11.528735632183908
66,6,12.952941176470588
66,7,13.31958762886598
66,8,11.852173913043478
66,9,12.573770491803279
66,10,19.42016806722689
66,11,21.030075187969924
66,12,16.81560283687943
66,13,13.817567567567568
66,14,11.115384615384615
66,15,10.814102564102564
66,16,9.306666666666667
66,17,10.426751592356688
66,18,7.2312925170068025
66,19,5.977611940298507
66,20,6.453781512605042
66,21,6.6
66,22,7.18348623853211
66,23,8.091836734693878
67,0,17.91919191919192
67,1,16.12
67,2,16.513513513513512
67,3,16.24561403508772
67,4,14.380952380952381
67,5,15.125
67,6,15.87912087912088
67,7,16.735042735042736
67,8,18.75187969924812
67,9,20.257142857142856
67,10,20.54601226993865
67,11,20.46385542168675
67,12,19.24848484848485
67,13,17.81437125748503
67,14,16.425806451612903
67,15,16.52
67,16,16.463768115942027
67,17,17.68027210884354
67,18,18.129770992366414
67,19,15.666666666666666
67,20,15.721649484536082
67,21,15.32
67,22,17.352272727272727
67,23,19.159574468085108
68,0,16.693069306930692
68,1,17.44578313253012
68,2,17.060606060606062
68,3,17.27906976744186
68,4,19.652173913043477
68,5,17.116666666666667
68,6,17.45098039215686
68,7,17.452173913043477
68,8,14.638157894736842
68,9,18.112994350282484
68,10,23.756906077348066
68,11,25.193370165745858
68,12,24.265895953757227
68,13,24.16568047337278
68,14,22.53548387096774
68,15,21.952380952380953
68,16,21.920529801324502
68,17,22.116883116883116
68,18,20.66923076923077
68,19,17.63888888888889
68,20,14.2875
68,21,10.767123287671232
68,22,16.04
68,23,17.325842696629213
69,0,18.04424778761062
69,1,20.640776699029125
69,2,22.07758620689655
69,3,22.904761904761905
69,4,20.404255319148938
69,5,18.55855855855856
69,6,19.732954545454547
69,7,23.161290322580644
69,8,26.22043010752688
69,9,26.262295081967213
69,10,26.91812865497076
69,11,28.00602409638554
69,12,28.313333333333333
69,13,27.24822695035461
69,14,28.144927536231883
69,15,27.848
69,16,26.666666666666668
69,17,24.231884057971016
69,18,22.108333333333334
69,19,19.03937007874016
69,20,14.92436974789916
69,21,15.793103448275861
69,22,17.017543859649123
69,23,19.908333333333335
70,0,0.0
70,1,0.0
70,2,0.0
70,18,0.0
70,19,0.0
70,20,0.0
70,21,0.0
70,22,0.0
70,23,0.0
71,0,16.0
71,1,16.689655172413794
71,2,17.193548387096776
71,3,16.48
71,4,16.55
71,5,14.921875
71,6,16.98076923076923
71,7,17.32857142857143
71,8,16.759036144578314
71,9,14.574074074074074
71,10,15.923809523809524
71,11,15.118055555555555
71,12,15.677018633540373
71,13,15.563953488372093
71,14,14.981481481481481
71,15,14.757575757575758
71,16,14.666666666666666
71,17,15.137724550898204
71,18,13.936708860759493
71,19,13.036764705882353
71,20,14.247524752475247
71,21,17.196969696969695
71,22,16.93243243243243
71,23,16.605263157894736
72,0,4.934065934065934
72,1,5.4714285714285715
72,2,5.27027027027027
72,3,4.684210526315789
72,4,2.5
72,5,4.375
72,6,4.55
72,7,3.7183098591549295
72,8,3.7291666666666665
72,9,4.2
72,10,2.406779661016949
72,11,2.0289017341040463
72,12,2.0
72,13,2.3070866141732282
72,14,2.5166666666666666
72,15,2.088
72,16,1.9642857142857142
72,17,2.680672268907563
72,18,2.9603960396039604
72,19,3.1724137931034484
72,20,4.493150684931507
72,21,6.258620689655173
72,22,5.116279069767442
72,23,6.203125
73,0,8.076923076923077
73,1,8.478260869565217
73,2,8.641509433962264
73,3,11.119047619047619
73,4,10.346153846153847
73,5,10.901408450704226
73,6,12.146067415730338
73,7,11.38562091503268
73,8,8.815642458100559
73,9,6.23463687150838
73,10,4.727777777777778
73,11,3.71978021978022
73,12,4.343558282208589
73,13,5.237179487179487
73,14,5.788079470198675
73,15,6.583333333333333
73,16,5.9144736842105265
73,17,5.858208955223881
73,18,5.505263157894737
73,19,4.78125
73,20,5.05
73,21,5.136363636363637
73,22,6.714285714285714
73,23,6.575757575757576
74,0,11.444444444444445
74,1,12.04
74,2,11.833333333333334
74,3,11.984375
74,4,9.018867924528301
74,5,12.9
74,6,13.992063492063492
74,7,13.460122699386503
74,8,11.809815950920246
74,9,10.802469135802468
74,10,9.582822085889571
74,11,9.314102564102564
74,12,9.333333333333334
74,13,9.709677419354838
74,14,9.281553398058252
74,15,9.912621359223301
74,16,10.650485436893204
74,17,8.826530612244898
74,18,7.551020408163265
74,19,8.341772151898734
74,20,8.955223880597014
74,21,8.6
74,22,10.082474226804123
74,23,10.49074074074074
75,0,10.148148148148149
75,1,10.8
75,2,11.423076923076923
75,3,11.766917293233083
75,4,12.148387096774194
75,5,12.016129032258064
75,6,11.989189189189188
75,7,12.313513513513513
75,8,14.094444444444445
75,9,12.960893854748603
75,10,10.748538011695906
75,11,8.69078947368421
75,12,9.84375
75,13,8.36
75,14,8.423728813559322
75,15,9.678571428571429
75,16,10.130434782608695
75,17,8.35483870967742
75,18,8.432835820895523
75,19,12.928571428571429
75,20,11.35064935064935
75,21,11.931818181818182
75,22,10.446601941747574
75,23,10.14406779661017
76,0,9.964912280701755
76,1,9.947368421052632
76,2,12.870967741935484
76,3,12.733333333333333
76,4,19.125
76,5,12.526315789473685
76,6,12.951219512195122
76,7,15.333333333333334
76,8,14.758064516129032
76,9,12.116666666666667
76,10,9.6
76,11,5.7125
76,12,6.050314465408805
76,13,7.324022346368715
76,14,7.45
76,15,8.488888888888889
76,16,10.112994350282486
76,17,10.755681818181818
76,18,9.297872340425531
76,19,8.101123595505618
76,20,8.5
76,21,8.310344827586206
76,22,9.431372549019608
76,23,8.923076923076923
77,0,15.88888888888889
77,1,16.234375
77,2,17.1375
77,3,17.974358974358974
77,4,15.75
77,5,15.830188679245284
77,6,15.575
77,7,14.525641025641026
77,8,14.76923076923077
77,9,14.436090225563909
77,10,13.758823529411766
77,11,14.305084745762711
77,12,14.385057471264368
77,13,14.938202247191011
77,14,15.758823529411766
77,15,16.384615384615383
77,16,16.31578947368421
77,17,15.583333333333334
77,18,14.931623931623932
77,19,15.267326732673267
77,20,16.985294117647058
77,21,17.169811320754718
77,22,13.26530612244898
77,23,15.741379310344827
78,0,5.430232558139535
78,1,6.118279569892473
78,2,6.368852459016393
78,3,6.265625
78,4,5.916666666666667
78,5,5.753623188405797
78,6,5.632352941176471
78,7,6.041666666666667
78,8,6.24375
78,9,7.4
78,10,5.693181818181818
78,11,5.523809523809524
78,12,5.196319018404908
78,13,4.878787878787879
78,14,4.204081632653061
78,15,4.04
78,16,4.0476190476190474
78,17,3.9078947368421053
78,18,4.149253731343284
78,19,3.1016949152542375
78,20,2.86
78,21,3.86046511627907
78,22,3.8484848484848486
78,23,4.517857142857143
79,0,1.146067415730337
79,1,0.5
79,2,0.5648148148148148
79,3,0.5223880597014925
79,4,0.24561403508771928
79,5,0.30303030303030304
79,6,0.6216216216216216
79,7,0.5266272189349113
79,8,1.4046242774566473
79,9,3.005952380952381
79,10,3.5828220858895707
79,11,3.049645390070922
79,12,2.635658914728682
79,13,2.532258064516129
79,14,2.292452830188679
79,15,2.5172413793103448
79,16,3.2439024390243905
79,17,2.966666666666667
79,18,2.892857142857143
79,19,3.0833333333333335
79,20,2.5
79,21,2.051282051282051
79,22,1.7346938775510203
79,23,1.5538461538461539
80,0,7.0285714285714285
80,1,6.931818181818182
80,2,8.448598130841122
80,3,9.193798449612403
80,4,8.942857142857143
80,5,8.619047619047619
80,6,8.449704142011834
80,7,8.888235294117647
80,8,10.576470588235294
80,9,11.503067484662576
80,10,12.426666666666666
80,11,11.983739837398375
80,12,12.375
80,13,10.660714285714286
80,14,10.245098039215685
80,15,10.831460674157304
80,16,13.666666666666666
80,17,11.512820512820513
80,18,9.966666666666667
80,19,12.619047619047619
80,20,9.846153846153847
80,21,9.309859154929578
80,22,7.024390243902439
80,23,7.023255813953488
82,0,5.4655172413793105
82,1,4.821428571428571
82,2,5.4
82,3,5.757575757575758
82,4,5.857142857142857
82,5,6.892857142857143
82,6,7.415094339622642
82,7,6.434782608695652
82,8,6.43956043956044
82,9,5.590909090909091
82,10,4.245614035087719
82,11,3.569832402234637
82,12,3.142857142857143
82,13,2.863905325443787
82,14,3.029585798816568
82,15,3.16969696969697
82,16,3.458064516129032
82,17,3.624113475177305
82,18,3.7474747474747474
82,19,3.9876543209876543
82,20,4.605633802816901
82,21,3.8260869565217392
82,22,4.108695652173913
82,23,6.2368421052631575
83,0,19.774509803921568
83,1,23.4
83,2,22.70873786407767
83,3,22.041095890410958
83,4,24.0
83,5,20.547619047619047
83,6,21.695652173913043
83,7,20.775862068965516
83,8,19.09036144578313
83,9,17.211180124223603
83,10,14.915032679738562
83,11,14.006622516556291
83,12,14.269736842105264
83,13,13.640287769784173
83,14,13.116279069767442
83,15,14.136752136752136
83,16,14.047169811320755
83,17,14.21
83,18,14.855555555555556
83,19,18.160493827160494
83,20,17.426470588235293
83,21,20.596774193548388
83,22,19.425925925925927
83,23,20.49230769230769
84,0,13.108910891089108
84,1,13.433333333333334
84,2,14.717647058823529
84,3,13.5
84,4,12.02
84,5,13.516949152542374
84,6,14.84732824427481
84,7,14.840490797546012
84,8,13.449101796407186
84,9,11.727272727272727
84,10,10.132450331125828
84,11,9.623287671232877
84,12,8.525925925925925
84,13,8.561983471074381
84,14,7.626168224299065
84,15,8.175257731958762
84,16,9.23469387755102
84,17,8.815533980582524
84,18,7.387755102040816
84,19,9.115384615384615
84,20,9.081967213114755
84,21,10.17741935483871
84,22,10.891891891891891
84,23,13.184782608695652
85,0,17.95402298850575
85,1,18.65432098765432
85,2,18.642857142857142
85,3,17.675
85,4,18.1656050955414
85,5,18.441340782122904
85,6,18.170454545454547
85,7,18.058823529411764
85,8,17.74418604651163
85,9,16.37278106508876
85,10,12.882716049382717
85,11,12.324675324675324
85,12,14.235714285714286
85,13,16.092307692307692
85,14,16.772727272727273
85,15,16.887755102040817
85,16,16.753086419753085
85,17,18.5
85,18,17.366666666666667
85,19,17.372093023255815
85,20,16.0
85,21,17.53846153846154
85,22,17.238805970149254
85,23,18.279411764705884
86,0,23.380434782608695
86,1,26.06896551724138
86,2,27.223880597014926
86,3,25.583333333333332
86,4,26.448275862068964
86,5,25.087719298245613
86,6,24.444444444444443
86,7,23.48148148148148
86,8,24.459183673469386
86,9,21.463636363636365
86,10,14.603305785123966
86,11,13.755725190839694
86,12,13.795774647887324
86,13,13.89873417721519
86,14,13.353658536585366
86,15,14.075949367088608
86,16,13.36969696969697
86,17,14.435374149659864
86,18,16.579710144927535
86,19,20.102564102564102
86,20,21.181818181818183
86,21,23.195652173913043
86,22,23.47252747252747
86,23,24.126582278481013
87,0,10.981481481481481
87,1,14.276315789473685
87,2,17.644736842105264
87,3,14.736842105263158
87,4,13.923076923076923
87,5,15.685714285714285
87,6,16.159420289855074
87,7,17.583333333333332
87,8,17.552083333333332
87,9,17.408602150537636
87,10,15.6875
87,11,14.015037593984962
87,12,11.808823529411764
87,13,11.019480519480519
87,14,9.448051948051948
87,15,8.78014184397163
87,16,8.930769230769231
87,17,7.4453125
87,18,7.448818897637795
87,19,7.634146341463414
87,20,7.712962962962963
87,21,8.01123595505618
87,22,7.934065934065934
87,23,10.524752475247524
88,0,8.2
88,1,9.773809523809524
88,2,10.97391304347826
88,3,10.649122807017545
88,4,10.26923076923077
88,5,12.471428571428572
88,6,13.271604938271604
88,7,10.496503496503497
88,8,7.703703703703703
88,9,6.3023255813953485
88,10,4.6022727272727275
88,11,3.7624309392265194
88,12,3.5722543352601157
88,13,3.8484848484848486
88,14,3.6503067484662575
88,15,3.122137404580153
88,16,3.01980198019802
88,17,3.297029702970297
88,18,3.865979381443299
88,19,4.472222222222222
88,20,4.75
88,21,5.6
88,22,5.16
88,23,6.073170731707317
89,0,6.115384615384615
89,1,6.670212765957447
89,2,6.446601941747573
89,3,7.352112676056338
89,4,5.492307692307692
89,5,6.314814814814815
89,6,5.980769230769231
89,7,5.704545454545454
89,8,5.909090909090909
89,9,6.814606741573034
89,10,9.235294117647058
89,11,9.938271604938272
89,12,9.793333333333333
89,13,9.218543046357615
89,14,8.889705882352942
89,15,9.043859649122806
89,16,9.178082191780822
89,17,10.157894736842104
89,18,7.543478260869565
89,19,5.733333333333333
89,20,6.909090909090909
89,21,5.45
89,22,6.725
89,23,5.809523809523809
90,0,8.690909090909091
90,1,9.84375
90,2,10.168316831683168
90,3,9.128571428571428
90,4,8.666666666666666
90,5,9.096774193548388
90,6,9.173913043478262
90,7,8.140449438202246
90,8,8.324022346368714
90,9,15.895953757225433
90,10,20.93421052631579
90,11,19.17808219178082
90,12,19.159420289855074
90,13,20.243478260869566
90,14,19.404040404040405
90,15,20.04
90,16,22.96078431372549
90,17,21.6875
90,18,12.74074074074074
90,19,6.568181818181818
90,20,6.367816091954023
90,21,6.814432989690721
90,22,7.87962962962963
90,23,7.494845360824742
91,0,17.0
91,1,20.61842105263158
91,2,21.795180722891565
91,3,22.03030303030303
91,4,22.714285714285715
91,5,21.361702127659573
91,6,20.215686274509803
91,7,22.3265306122449
91,8,22.036036036036037
91,9,19.6
91,10,19.296296296296298
91,11,21.347305389221557
91,12,19.791907514450866
91,13,18.89265536723164
91,14,17.76536312849162
91,15,17.333333333333332
91,16,17.70625
91,17,18.548780487804876
91,18,18.66883116883117
91,19,19.163793103448278
91,20,17.89156626506024
91,21,16.924242424242426
91,22,17.424242424242426
91,23,16.254545454545454
92,0,34.26744186046512
92,1,36.54320987654321
92,2,36.552083333333336
92,3,36.21739130434783
92,4,35.4
92,5,36.625
92,6,34.97674418604651
92,7,35.06
92,8,35.55555555555556
92,9,31.868613138686133
92,10,23.486842105263158
92,11,22.541666666666668
92,12,23.52046783625731
92,13,22.53048780487805
92,14,22.469135802469136
92,15,23.54248366013072
92,16,22.54605263157895
92,17,20.441558441558442
92,18,25.741071428571427
92,19,31.186813186813186
92,20,31.829545454545453
92,21,32.776119402985074
92,22,34.61904761904762
92,23,34.52459016393443
93,0,22.576271186440678
93,1,27.07547169811321
93,2,27.0
93,3,26.74468085106383
93,4,28.949152542372882
93,5,26.752808988764045
93,6,27.154761904761905
93,7,27.57894736842105
93,8,26.592105263157894
93,9,18.664670658682635
93,10,11.458333333333334
93,11,10.053571428571429
93,12,10.276729559748428
93,13,10.6158940397351
93,14,10.931972789115646
93,15,11.052238805970148
93,16,9.76865671641791
93,17,10.233082706766917
93,18,14.712871287128714
93,19,19.70212765957447
93,20,22.42528735632184
93,21,22.379310344827587
93,22,23.26086956521739
93,23,24.83783783783784
94,0,14.504424778761061
94,1,15.87962962962963
94,2,16.458715596330276
94,3,16.279411764705884
94,4,14.0
94,5,16.84090909090909
94,6,17.64179104477612
94,7,16.805882352941175
94,8,16.705555555555556
94,9,15.350877192982455
94,10,12.248484848484848
94,11,10.031847133757962
94,12,10.112676056338028
94,13,11.266666666666667
94,14,10.47872340425532
94,15,8.547945205479452
94,16,8.681159420289855
94,17,8.426829268292684
94,18,8.162162162162161
94,19,11.135135135135135
94,20,12.392857142857142
94,21,10.621621621621621
94,22,11.666666666666666
94,23,14.763157894736842
95,0,14.604477611940299
95,1,15.071428571428571
95,2,16.295081967213115
95,3,16.614814814814814
95,4,16.662420382165607
95,5,16.691011235955056
95,6,16.792899408284022
95,7,17.202312138728324
95,8,17.011494252873565
95,9,15.560975609756097
95,10,13.642857142857142
95,11,11.423076923076923
95,12,11.921052631578947
95,13,12.21875
95,14,12.245901639344263
95,15,13.672131147540984
95,16,12.017241379310345
95,17,10.061728395061728
95,18,10.91764705882353
95,19,10.605263157894736
95,20,13.214285714285714
95,21,13.871559633027523
95,22,14.547826086956523
95,23,14.374045801526718
96,0,8.957446808510639
96,1,11.39655172413793
96,2,11.476190476190476
96,3,10.26086956521739
96,4,11.61111111111111
96,5,10.533333333333333
96,6,11.73913043478261
96,7,12.366666666666667
96,8,11.444444444444445
96,9,11.564102564102564
96,10,10.333333333333334
96,11,8.648148148148149
96,12,7.283185840707965
96,13,7.755905511811024
96,14,7.664516129032258
96,15,7.271084337349397
96,16,7.54601226993865
96,17,7.118343195266272
96,18,7.313609467455621
96,19,7.5
96,20,8.074074074074074
96,21,8.576923076923077
96,22,9.35
96,23,9.705882352941176
97,0,15.296703296703297
97,1,17.43548387096774
97,2,18.30666666666667
97,3,17.258064516129032
97,4,19.38095238095238
97,5,16.10909090909091
97,6,16.98076923076923
97,7,16.666666666666668
97,8,18.75
97,9,16.653225806451612
97,10,11.224242424242425
97,11,9.777173913043478
97,12,10.92090395480226
97,13,10.625766871165645
97,14,11.045751633986928
97,15,12.698630136986301
97,16,13.21985815602837
97,17,11.63013698630137
97,18,12.585365853658537
97,19,13.774193548387096
97,20,14.7
97,21,14.661290322580646
97,22,15.882352941176471
97,23,14.087719298245615
98,0,22.772727272727273
98,1,20.31081081081081
98,2,18.866666666666667
98,3,18.48780487804878
98,4,19.636363636363637
98,5,20.49019607843137
98,6,21.58730158730159
98,7,20.555555555555557
98,8,18.601503759398497
98,9,19.58823529411765
98,10,22.063291139240505
98,11,24.729559748427672
98,12,24.24203821656051
98,13,24.475609756097562
98,14,24.662337662337663
98,15,25.307142857142857
98,16,25.53543307086614
98,17,26.73103448275862
98,18,27.042735042735043
98,19,25.75257731958763
98,20,24.1375
98,21,22.946428571428573
98,22,23.015151515151516
98,23,21.01298701298701
99,0,13.5625
99,1,13.191304347826087
99,2,12.461538461538462
99,3,13.7
99,4,13.36231884057971
99,5,12.736363636363636
99,6,13.024096385542169
99,7,13.160220994475138
99,8,12.67231638418079
99,9,12.592814371257486
99,10,15.248484848484848
99,11,16.59235668789809
99,12,17.782312925170068
99,13,17.81294964028777
99,14,18.279661016949152
99,15,18.453333333333333
99,16,18.293333333333333
99,17,19.34722222222222
99,18,18.357142857142858
99,19,16.558823529411764
99,20,15.982456140350877
99,21,15.603174603174603
99,22,13.73611111111111
99,23,12.833333333333334
100,0,21.633663366336634
100,1,20.944444444444443
100,2,21.285714285714285
100,3,21.184
100,4,20.338709677419356
100,5,20.7890625
100,6,20.952380952380953
100,7,20.3781512605042
100,8,19.388429752066116
100,9,15.275229357798166
100,10,11.443396226415095
100,11,9.936363636363636
100,12,11.066037735849056
100,13,10.926470588235293
100,14,10.704347826086957
100,15,11.653846153846153
100,16,13.462809917355372
100,17,16.53913043478261
100,18,19.524752475247524
100,19,20.971153846153847
100,20,20.245098039215687
100,21,21.78723404255319
100,22,21.526315789473685
100,23,20.5
101,0,6.953846153846154
101,1,10.137931034482758
101,2,10.0
101,3,8.76
101,4,9.833333333333334
101,5,8.69811320754717
101,6,10.634615384615385
101,7,10.25
101,8,10.35593220338983
101,9,8.35064935064935
101,10,5.342105263157895
101,11,5.827067669172933
101,12,4.151898734177215
101,13,3.3448275862068964
101,14,2.735294117647059
101,15,2.748502994011976
101,16,3.0792682926829267
101,17,3.3012048192771086
101,18,3.289473684210526
101,19,4.119718309859155
101,20,4.475247524752476
101,21,5.064516129032258
101,22,6.328947368421052
101,23,6.907407407407407
102,0,9.916666666666666
102,1,11.098591549295774
102,2,9.148936170212766
102,3,8.333333333333334
102,4,2.625
102,5,6.363636363636363
102,6,7.681818181818182
102,7,6.746478873239437
102,8,8.547169811320755
102,9,10.213793103448277
102,10,8.675675675675675
102,11,7.577922077922078
102,12,8.214723926380367
102,13,9.265895953757225
102,14,8.945121951219512
102,15,9.525974025974026
102,16,9.682170542635658
102,17,8.766355140186915
102,18,9.097560975609756
102,19,8.58904109589041
102,20,9.0
102,21,7.8979591836734695
102,22,7.480769230769231
102,23,10.42
103,0,2.0
103,1,2.2745098039215685
103,2,2.6333333333333333
103,3,4.5588235294117645
103,4,7.739130434782608
103,5,4.471698113207547
103,6,4.528301886792453
103,7,3.604651162790698
103,8,2.9448275862068964
103,9,3.0060975609756095
103,10,3.3777777777777778
103,11,3.9722222222222223
103,12,4.074712643678161
103,13,4.213872832369942
103,14,3.5483870967741935
103,15,2.9606299212598426
103,16,3.251968503937008
103,17,3.0956521739130434
103,18,3.1941747572815533
103,19,2.4939759036144578
103,20,2.2266666666666666
103,21,2.2045454545454546
103,22,2.574468085106383
103,23,1.5555555555555556
104,0,7.058333333333334
104,1,6.555555555555555
104,2,7.296
104,3,8.186666666666667
104,4,7.121621621621622
104,5,6.535211267605634
104,6,6.6866666666666665
104,7,6.532894736842105
104,8,6.838323353293413
104,9,8.761904761904763
104,10,8.141104294478527
104,11,8.141935483870968
104,12,8.257142857142858
104,13,8.125984251968504
104,14,7.242105263157895
104,15,8.528301886792454
104,16,7.473684210526316
104,17,7.0701754385964914
104,18,6.285714285714286
104,19,4.866666666666666
104,20,6.130434782608695
104,21,7.9375
104,22,8.755102040816327
104,23,10.095890410958905
105,0,3.0412371134020617
105,1,3.5445544554455446
105,2,3.4017094017094016
105,3,3.4014598540145986
105,4,3.2625
105,5,3.1734104046242773
105,6,3.2254335260115607
105,7,3.235632183908046
105,8,3.293103448275862
105,9,2.776470588235294
105,10,1.6826347305389222
105,11,1.7272727272727273
105,12,2.3692307692307693
105,13,3.0081967213114753
105,14,3.9078947368421053
105,15,1.4222222222222223
105,16,4.166666666666667
105,17,3.193548387096774
105,18,3.6486486486486487
105,19,3.892857142857143
105,20,2.9642857142857144
105,21,2.533333333333333
105,22,2.467741935483871
105,23,2.730769230769231
106,0,9.597701149425287
106,1,9.573529411764707
106,2,9.384615384615385
106,3,11.666666666666666
106,4,15.15
106,5,12.229166666666666
106,6,12.066666666666666
106,7,10.245283018867925
106,8,10.575757575757576
106,9,9.60919540229885
106,10,6.5607476635514015
106,11,10.317460317460318
106,12,11.608
106,13,11.442028985507246
106,14,10.965034965034965
106,15,10.306666666666667
106,16,10.437908496732026
106,17,10.586206896551724
106,18,11.318181818181818
106,19,10.93
106,20,9.046511627906977
106,21,9.909090909090908
106,22,9.765432098765432
106,23,9.792682926829269
107,0,10.157303370786517
107,1,8.348837209302326
107,2,7.978494623655914
107,3,8.957446808510639
107,4,7.708333333333333
107,5,9.558823529411764
107,6,10.85483870967742
107,7,9.733333333333333
107,8,9.289719626168225
107,9,8.474452554744525
107,10,8.041420118343195
107,11,7.4678362573099415
107,12,8.276073619631902
107,13,9.044025157232705
107,14,9.161073825503356
107,15,9.029850746268657
107,16,9.611570247933884
107,17,11.191666666666666
107,18,10.547368421052632
107,19,10.402777777777779
107,20,11.396825396825397
107,21,11.452830188679245
107,22,11.720930232558139
107,23,11.241379310344827
108,0,9.39622641509434
108,1,8.858823529411765
108,2,9.0
108,3,8.074626865671641
108,4,6.528301886792453
108,5,7.928571428571429
108,6,8.280701754385966
108,7,7.023076923076923
108,8,7.32
108,9,7.914110429447852
108,10,6.447204968944099
108,11,5.803921568627451
108,12,7.890410958904109
108,13,8.214814814814815
108,14,8.367521367521368
108,15,9.075471698113208
108,16,9.731958762886597
108,17,9.571428571428571
108,18,9.56842105263158
108,19,8.692307692307692
108,20,11.037037037037036
108,21,10.796296296296296
108,22,11.137931034482758
108,23,9.972972972972974
109,0,14.45045045045045
109,1,17.78125
109,2,17.871559633027523
109,3,17.95
109,4,18.810126582278482
109,5,18.605042016806724
109,6,17.603896103896105
109,7,17.528089887640448
109,8,16.22905027932961
109,9,16.158823529411766
109,10,13.60126582278481
109,11,13.417218543046358
109,12,13.186567164179104
109,13,11.966386554621849
109,14,11.784313725490197
109,15,10.94949494949495
109,16,11.438202247191011
109,17,10.263157894736842
109,18,9.2625
109,19,8.508196721311476
109,20,9.90566037735849
109,21,11.450980392156863
109,22,12.883720930232558
109,23,12.955056179775282
110,0,7.0
110,1,6.504854368932039
110,2,7.468468468468468
110,3,8.72463768115942
110,4,9.013513513513514
110,5,8.05524861878453
110,6,8.090395480225988
110,7,8.357954545454545
110,8,8.514792899408285
110,9,8.251572327044025
110,10,7.299319727891157
110,11,5.9465648854961835
110,12,6.728971962616822
110,13,8.648351648351648
110,14,9.625
110,15,10.649122807017545
110,16,9.488888888888889
110,17,9.45
110,18,8.0
110,19,8.36
110,20,8.805194805194805
110,21,8.511627906976743
110,22,7.011111111111111
110,23,7.184782608695652
111,0,5.559633027522936
111,1,5.605263157894737
111,2,4.983870967741935
111,3,5.352941176470588
111,4,5.7
111,5,6.079365079365079
111,6,6.563380281690141
111,7,6.491803278688525
111,8,6.719298245614035
111,9,6.651515151515151
111,10,4.313253012048193
111,11,3.8684210526315788
111,12,3.2888888888888888
111,13,3.1171875
111,14,1.9937106918238994
111,15,1.2222222222222223
111,16,1.2564102564102564
111,17,1.73125
111,18,2.168831168831169
111,19,3.0078125
111,20,4.1652892561983474
111,21,4.694915254237288
111,22,5.438095238095238
111,23,5.685714285714286
112,0,19.490909090909092
112,1,23.22222222222222
112,2,21.82905982905983
112,3,21.416666666666668
112,4,24.405405405405407
112,5,21.22077922077922
112,6,21.261363636363637
112,7,22.39622641509434
112,8,16.911290322580644
112,9,10.683098591549296
112,10,7.906040268456376
112,11,7.54601226993865
112,12,6.482142857142857
112,13,7.169590643274854
112,14,6.838509316770186
112,15,6.006622516556291
112,16,7.550724637681159
112,17,6.653543307086614
112,18,7.380530973451328
112,19,8.3
112,20,10.83
112,21,11.161290322580646
112,22,13.402298850574713
112,23,18.173333333333332
113,0,12.885245901639344
113,1,9.867924528301886
113,2,9.969696969696969
113,3,12.278688524590164
113,4,12.307692307692308
113,5,13.142857142857142
113,6,12.929411764705883
113,7,10.460869565217392
113,8,11.111764705882353
113,9,11.433526011560694
113,10,13.052023121387283
113,11,15.208333333333334
113,12,14.439024390243903
113,13,14.68944099378882
113,14,15.066225165562914
113,15,15.578125
113,16,15.162162162162161
113,17,16.35632183908046
113,18,17.20689655172414
113,19,14.81081081081081
113,20,14.0
113,21,12.483870967741936
113,22,13.166666666666666
113,23,10.48
114,0,2.8454545454545452
114,1,3.2432432432432434
114,2,3.4076923076923076
114,3,3.296875
114,4,3.8095238095238093
114,5,3.050724637681159
114,6,3.193548387096774
114,7,4.555555555555555
114,8,6.12707182320442
114,9,9.751412429378531
114,10,12.662790697674419
114,11,14.960526315789474
114,12,16.369127516778523
114,13,15.32394366197183
114,14,15.58974358974359
114,15,16.75
114,16,17.88888888888889
114,17,18.574257425742573
114,18,15.10126582278481
114,19,8.117647058823529
114,20,4.0
114,21,2.5
114,22,2.616279069767442
114,23,3.4946236559139785
115,0,23.813432835820894
115,1,25.73913043478261
115,2,26.368055555555557
115,3,25.925925925925927
115,4,26.44927536231884
115,5,26.839080459770116
115,6,26.795454545454547
115,7,26.55491329479769
115,8,25.519774011299436
115,9,22.895953757225435
115,10,19.13095238095238
115,11,16.87421383647799
115,12,15.85925925925926
115,13,13.284552845528456
115,14,12.90625
115,15,11.02803738317757
115,16,10.079545454545455
115,17,8.675675675675675
115,18,10.775510204081632
115,19,12.065217391304348
115,20,14.681818181818182
115,21,16.916666666666668
115,22,19.482456140350877
115,23,21.945454545454545
116,0,8.25287356321839
116,1,7.508196721311475
116,2,6.433962264150943
116,3,11.227272727272727
116,4,11.692307692307692
116,5,9.6
116,6,11.461538461538462
116,7,10.17142857142857
116,8,12.242424242424242
116,9,11.486486486486486
116,10,9.470588235294118
116,11,7.855555555555555
116,12,7.385245901639344
116,13,6.714285714285714
116,14,7.0773809523809526
116,15,7.666666666666667
116,16,8.07361963190184
116,17,8.604651162790697
116,18,7.714285714285714
116,19,7.313432835820896
116,20,7.532786885245901
116,21,7.396396396396397
116,22,6.474747474747475
116,23,8.291139240506329
117,0,10.494623655913978
117,1,10.36111111111111
117,2,9.013333333333334
117,3,9.270833333333334
117,4,12.625
117,5,10.875
117,6,11.134615384615385
117,7,9.033898305084746
117,8,9.848484848484848
117,9,11.54054054054054
117,10,15.175
117,11,17.277372262773724
117,12,17.153333333333332
117,13,16.720496894409937
117,14,15.935483870967742
117,15,15.574324324324325
117,16,16.65986394557823
117,17,17.5625
117,18,14.863636363636363
117,19,12.121495327102803
117,20,11.936842105263159
117,21,12.145833333333334
117,22,11.472527472527473
117,23,10.46987951807229
